price,Total-Area,bedrooms,bathrooms,stories,mainroad,guestroom,basement,hotwaterheating,airconditioning,parking,prefarea,furnishingstatus
2.5656326552370854,1.1555217013528165,1.5047102008804722,1.435266325212022,1.3769519204993752,0.40525057036170026,-0.46488770329084356,-0.7338651280903932,-0.21906325237055913,1.4712666515828257,1.5162994718172922,1.8032844651871542,-1.4049949679500031
2.5656326552370854,1.9232934920526084,1.5047102008804722,4.447667405727626,2.529699688044935,0.40525057036170026,-0.46488770329084356,-0.7338651280903932,-0.21906325237055913,1.4712666515828257,2.6769500506662025,-0.5535261667720761,-1.4049949679500031
2.5656326552370854,2.421846602896629,0.07102653046114095,1.435266325212022,0.2242041529538152,0.40525057036170026,-0.46488770329084356,1.3601479337382152,-0.21906325237055913,-0.6784393138666114,1.5162994718172922,1.8032844651871542,-0.09157771660737571
2.5656326552370854,1.1954059502203382,1.5047102008804722,1.435266325212022,0.2242041529538152,0.40525057036170026,-0.46488770329084356,1.3601479337382152,-0.21906325237055913,1.4712666515828257,2.6769500506662025,1.8032844651871542,-1.4049949679500031
2.5656326552370854,1.1555217013528165,1.5047102008804722,-0.5730010617983812,0.2242041529538152,0.40525057036170026,2.147110217260803,1.3601479337382152,-0.21906325237055913,1.4712666515828257,1.5162994718172922,-0.5535261667720761,-1.4049949679500031
2.5656326552370854,1.1954059502203382,0.07102653046114095,3.443533712222425,-0.9285436145917447,0.40525057036170026,-0.46488770329084356,1.3601479337382152,-0.21906325237055913,1.4712666515828257,1.5162994718172922,1.8032844651871542,-0.09157771660737571
2.5656326552370854,1.7338433099318806,1.5047102008804722,3.443533712222425,2.529699688044935,0.40525057036170026,-0.46488770329084356,-0.7338651280903932,-0.21906325237055913,1.4712666515828257,1.5162994718172922,1.8032844651871542,-0.09157771660737571
2.5656326552370854,2.6910652827524,2.221552036090138,3.443533712222425,0.2242041529538152,0.40525057036170026,-0.46488770329084356,-0.7338651280903932,-0.21906325237055913,-0.6784393138666114,-0.8050016858805287,-0.5535261667720761,1.2218395347352515
2.5656326552370854,1.4945378167267507,1.5047102008804722,-0.5730010617983812,0.2242041529538152,0.40525057036170026,2.147110217260803,1.3601479337382152,-0.21906325237055913,1.4712666515828257,1.5162994718172922,1.8032844651871542,-1.4049949679500031
2.5656326552370854,0.32293800624330193,0.07102653046114095,1.435266325212022,2.529699688044935,0.40525057036170026,2.147110217260803,-0.7338651280903932,-0.21906325237055913,1.4712666515828257,0.35564889296838165,1.8032844651871542,1.2218395347352515
2.5656326552370854,2.6910652827524,0.07102653046114095,-0.5730010617983812,0.2242041529538152,0.40525057036170026,-0.46488770329084356,1.3601479337382152,-0.21906325237055913,1.4712666515828257,1.5162994718172922,1.8032844651871542,-1.4049949679500031
2.5656326552370854,0.44757628395430715,1.5047102008804722,3.443533712222425,0.2242041529538152,0.40525057036170026,2.147110217260803,1.3601479337382152,4.55651564930763,-0.6784393138666114,1.5162994718172922,-0.5535261667720761,-0.09157771660737571
2.5656326552370854,0.7217804949185185,1.5047102008804722,1.435266325212022,0.2242041529538152,0.40525057036170026,-0.46488770329084356,-0.7338651280903932,-0.21906325237055913,1.4712666515828257,0.35564889296838165,1.8032844651871542,-0.09157771660737571
2.5656326552370854,-0.7988064931557447,1.5047102008804722,1.435266325212022,0.2242041529538152,0.40525057036170026,-0.46488770329084356,-0.7338651280903932,4.55651564930763,-0.6784393138666114,1.5162994718172922,-0.5535261667720761,-1.4049949679500031
2.5656326552370854,1.3449718834735445,0.07102653046114095,1.435266325212022,0.2242041529538152,0.40525057036170026,-0.46488770329084356,-0.7338651280903932,-0.21906325237055913,-0.6784393138666114,-0.8050016858805287,1.8032844651871542,-0.09157771660737571
2.505468570767052,0.44757628395430715,1.5047102008804722,-0.5730010617983812,0.2242041529538152,0.40525057036170026,-0.46488770329084356,1.3601479337382152,-0.21906325237055913,-0.6784393138666114,1.5162994718172922,-0.5535261667720761,-0.09157771660737571
2.505468570767052,0.7467081504607196,1.5047102008804722,1.435266325212022,0.2242041529538152,0.40525057036170026,2.147110217260803,1.3601479337382152,-0.21906325237055913,1.4712666515828257,0.35564889296838165,1.8032844651871542,1.2218395347352515
2.4252497914736733,1.693959061064359,0.07102653046114095,1.435266325212022,2.529699688044935,0.40525057036170026,-0.46488770329084356,-0.7338651280903932,-0.21906325237055913,1.4712666515828257,1.5162994718172922,-0.5535261667720761,-1.4049949679500031
2.385140401826984,-0.2503980712273219,0.07102653046114095,1.435266325212022,0.2242041529538152,0.40525057036170026,2.147110217260803,-0.7338651280903932,-0.21906325237055913,1.4712666515828257,1.5162994718172922,-0.5535261667720761,-1.4049949679500031
2.3650857070036393,0.6569685905087959,0.07102653046114095,1.435266325212022,0.2242041529538152,0.40525057036170026,-0.46488770329084356,-0.7338651280903932,-0.21906325237055913,1.4712666515828257,0.35564889296838165,1.8032844651871542,-0.09157771660737571
2.3049216225336053,-0.38999294226364767,0.07102653046114095,-0.5730010617983812,0.2242041529538152,0.40525057036170026,-0.46488770329084356,1.3601479337382152,4.55651564930763,-0.6784393138666114,1.5162994718172922,-0.5535261667720761,-0.09157771660737571
2.264812232886916,1.023405126979151,0.07102653046114095,1.435266325212022,-0.9285436145917447,0.40525057036170026,2.147110217260803,1.3601479337382152,-0.21906325237055913,1.4712666515828257,1.5162994718172922,-0.5535261667720761,1.2218395347352515
2.2447575380635714,1.4696101611845496,0.07102653046114095,-0.5730010617983812,-0.9285436145917447,0.40525057036170026,2.147110217260803,1.3601479337382152,-0.21906325237055913,1.4712666515828257,0.35564889296838165,-0.5535261667720761,-1.4049949679500031
2.2447575380635714,-0.2703401956610827,0.07102653046114095,1.435266325212022,0.2242041529538152,0.40525057036170026,2.147110217260803,1.3601479337382152,-0.21906325237055913,1.4712666515828257,0.35564889296838165,-0.5535261667720761,-1.4049949679500031
2.204648148416882,1.8435249943175651,0.07102653046114095,1.435266325212022,0.2242041529538152,0.40525057036170026,-0.46488770329084356,-0.7338651280903932,-0.21906325237055913,1.4712666515828257,1.5162994718172922,-0.5535261667720761,-1.4049949679500031
2.1845934535935374,0.7167949638100783,1.5047102008804722,1.435266325212022,0.2242041529538152,0.40525057036170026,2.147110217260803,1.3601479337382152,-0.21906325237055913,1.4712666515828257,1.5162994718172922,1.8032844651871542,-1.4049949679500031
2.140473124982179,0.44757628395430715,0.07102653046114095,1.435266325212022,2.529699688044935,0.40525057036170026,2.147110217260803,1.3601479337382152,-0.21906325237055913,1.4712666515828257,-0.8050016858805287,1.8032844651871542,-0.09157771660737571
2.104374674300159,1.8809164776308667,0.07102653046114095,-0.5730010617983812,-0.9285436145917447,0.40525057036170026,-0.46488770329084356,-0.7338651280903932,-0.21906325237055913,-0.6784393138666114,0.35564889296838165,-0.5535261667720761,-0.09157771660737571
2.104374674300159,1.4197548501001476,2.221552036090138,1.435266325212022,0.2242041529538152,0.40525057036170026,-0.46488770329084356,1.3601479337382152,4.55651564930763,-0.6784393138666114,1.5162994718172922,-0.5535261667720761,1.2218395347352515
2.104374674300159,0.19829972853229677,1.5047102008804722,1.435266325212022,0.2242041529538152,0.40525057036170026,-0.46488770329084356,1.3601479337382152,-0.21906325237055913,1.4712666515828257,0.35564889296838165,1.8032844651871542,-0.09157771660737571
2.104374674300159,1.1829421224492378,0.07102653046114095,1.435266325212022,2.529699688044935,0.40525057036170026,-0.46488770329084356,-0.7338651280903932,-0.21906325237055913,1.4712666515828257,1.5162994718172922,-0.5535261667720761,1.2218395347352515
2.104374674300159,0.9461293947983278,0.07102653046114095,-0.5730010617983812,2.529699688044935,0.40525057036170026,-0.46488770329084356,-0.7338651280903932,-0.21906325237055913,1.4712666515828257,1.5162994718172922,-0.5535261667720761,-0.09157771660737571
2.044210589830125,-0.11080320019099607,1.5047102008804722,1.435266325212022,0.2242041529538152,0.40525057036170026,-0.46488770329084356,-0.7338651280903932,-0.21906325237055913,1.4712666515828257,0.35564889296838165,1.8032844651871542,-1.4049949679500031
1.9840465053600906,0.4276341595205463,0.07102653046114095,3.443533712222425,0.2242041529538152,0.40525057036170026,2.147110217260803,1.3601479337382152,-0.21906325237055913,-0.6784393138666114,0.35564889296838165,-0.5535261667720761,1.2218395347352515
1.9439371157134016,0.8663608970632846,2.221552036090138,-0.5730010617983812,0.2242041529538152,0.40525057036170026,2.147110217260803,1.3601479337382152,-0.21906325237055913,1.4712666515828257,0.35564889296838165,-0.5535261667720761,-1.4049949679500031
1.9215560762905488,0.9461293947983278,0.07102653046114095,1.435266325212022,2.529699688044935,0.40525057036170026,-0.46488770329084356,-0.7338651280903932,-0.21906325237055913,1.4712666515828257,1.5162994718172922,-0.5535261667720761,-1.4049949679500031
1.8998167871020433,1.1864319942251458,0.07102653046114095,1.435266325212022,1.3769519204993752,0.40525057036170026,-0.46488770329084356,-0.7338651280903932,4.55651564930763,-0.6784393138666114,0.35564889296838165,1.8032844651871542,-1.4049949679500031
1.863718336420023,1.9432356164863693,1.5047102008804722,1.435266325212022,2.529699688044935,0.40525057036170026,-0.46488770329084356,-0.7338651280903932,-0.21906325237055913,1.4712666515828257,1.5162994718172922,-0.5535261667720761,-1.4049949679500031
1.8536909890083506,0.44757628395430715,0.07102653046114095,-0.5730010617983812,2.529699688044935,0.40525057036170026,2.147110217260803,-0.7338651280903932,-0.21906325237055913,1.4712666515828257,1.5162994718172922,-0.5535261667720761,1.2218395347352515
1.8236089467733336,0.44757628395430715,1.5047102008804722,1.435266325212022,2.529699688044935,0.40525057036170026,-0.46488770329084356,-0.7338651280903932,-0.21906325237055913,1.4712666515828257,0.35564889296838165,-0.5535261667720761,-0.09157771660737571
1.803554251949989,0.7217804949185185,0.07102653046114095,-0.5730010617983812,0.2242041529538152,0.40525057036170026,-0.46488770329084356,1.3601479337382152,-0.21906325237055913,1.4712666515828257,-0.8050016858805287,1.8032844651871542,-1.4049949679500031
1.7834995571266443,0.6270554038581546,0.07102653046114095,1.435266325212022,2.529699688044935,0.40525057036170026,-0.46488770329084356,-0.7338651280903932,-0.21906325237055913,1.4712666515828257,-0.8050016858805287,1.8032844651871542,-1.4049949679500031
1.7032807778332657,0.6868817771594371,0.07102653046114095,1.435266325212022,2.529699688044935,0.40525057036170026,-0.46488770329084356,-0.7338651280903932,-0.21906325237055913,1.4712666515828257,1.5162994718172922,-0.5535261667720761,1.2218395347352515
1.7032807778332657,0.44757628395430715,1.5047102008804722,1.435266325212022,2.529699688044935,0.40525057036170026,-0.46488770329084356,-0.7338651280903932,-0.21906325237055913,-0.6784393138666114,1.5162994718172922,-0.5535261667720761,-0.09157771660737571
1.623061998539887,0.44757628395430715,1.5047102008804722,1.435266325212022,2.529699688044935,0.40525057036170026,-0.46488770329084356,-0.7338651280903932,-0.21906325237055913,1.4712666515828257,0.35564889296838165,-0.5535261667720761,-1.4049949679500031
1.623061998539887,0.44757628395430715,0.07102653046114095,1.435266325212022,1.3769519204993752,0.40525057036170026,-0.46488770329084356,-0.7338651280903932,-0.21906325237055913,1.4712666515828257,-0.8050016858805287,-0.5535261667720761,-0.09157771660737571
1.6030073037165424,0.44757628395430715,0.07102653046114095,1.435266325212022,2.529699688044935,0.40525057036170026,-0.46488770329084356,-0.7338651280903932,-0.21906325237055913,1.4712666515828257,0.35564889296838165,-0.5535261667720761,-1.4049949679500031
1.5829526088931978,0.7467081504607196,0.07102653046114095,-0.5730010617983812,2.529699688044935,0.40525057036170026,-0.46488770329084356,-0.7338651280903932,-0.21906325237055913,1.4712666515828257,2.6769500506662025,1.8032844651871542,-1.4049949679500031
1.5628979140698531,-0.3999640044805281,0.07102653046114095,1.435266325212022,0.2242041529538152,0.40525057036170026,-0.46488770329084356,1.3601479337382152,-0.21906325237055913,-0.6784393138666114,0.35564889296838165,-0.5535261667720761,1.2218395347352515
1.5428432192465085,1.165492763569697,0.07102653046114095,1.435266325212022,-0.9285436145917447,0.40525057036170026,2.147110217260803,1.3601479337382152,-0.21906325237055913,1.4712666515828257,-0.8050016858805287,1.8032844651871542,-0.09157771660737571
1.5428432192465085,1.165492763569697,0.07102653046114095,1.435266325212022,2.529699688044935,0.40525057036170026,-0.46488770329084356,-0.7338651280903932,-0.21906325237055913,-0.6784393138666114,0.35564889296838165,1.8032844651871542,1.2218395347352515
1.5428432192465085,0.6096060449786139,0.07102653046114095,-0.5730010617983812,2.529699688044935,0.40525057036170026,-0.46488770329084356,-0.7338651280903932,-0.21906325237055913,1.4712666515828257,0.35564889296838165,-0.5535261667720761,1.2218395347352515
1.5027338295998192,0.44757628395430715,1.5047102008804722,1.435266325212022,2.529699688044935,0.40525057036170026,2.147110217260803,-0.7338651280903932,-0.21906325237055913,1.4712666515828257,0.35564889296838165,-0.5535261667720761,-1.4049949679500031
1.5027338295998192,0.02380613973688953,0.07102653046114095,1.435266325212022,2.529699688044935,0.40525057036170026,-0.46488770329084356,-0.7338651280903932,-0.21906325237055913,1.4712666515828257,1.5162994718172922,-0.5535261667720761,-0.09157771660737571
1.5027338295998192,0.44757628395430715,0.07102653046114095,1.435266325212022,0.2242041529538152,0.40525057036170026,2.147110217260803,-0.7338651280903932,-0.21906325237055913,1.4712666515828257,0.35564889296838165,-0.5535261667720761,-0.09157771660737571
1.5027338295998192,0.44757628395430715,0.07102653046114095,-0.5730010617983812,0.2242041529538152,0.40525057036170026,-0.46488770329084356,-0.7338651280903932,-0.21906325237055913,1.4712666515828257,0.35564889296838165,-0.5535261667720761,1.2218395347352515
1.4987228906351502,2.6910652827524,1.5047102008804722,-0.5730010617983812,0.2242041529538152,0.40525057036170026,-0.46488770329084356,1.3601479337382152,-0.21906325237055913,-0.6784393138666114,0.35564889296838165,1.8032844651871542,-0.09157771660737571
1.4425697451297852,1.9432356164863693,1.5047102008804722,1.435266325212022,2.529699688044935,0.40525057036170026,2.147110217260803,-0.7338651280903932,-0.21906325237055913,1.4712666515828257,0.35564889296838165,1.8032844651871542,-1.4049949679500031
1.4225150503064405,1.285145510172262,1.5047102008804722,1.435266325212022,2.529699688044935,0.40525057036170026,2.147110217260803,-0.7338651280903932,-0.21906325237055913,1.4712666515828257,0.35564889296838165,-0.5535261667720761,-0.09157771660737571
1.4225150503064405,0.44757628395430715,0.07102653046114095,1.435266325212022,2.529699688044935,0.40525057036170026,2.147110217260803,-0.7338651280903932,-0.21906325237055913,1.4712666515828257,0.35564889296838165,-0.5535261667720761,-1.4049949679500031
1.3824056606597512,0.44757628395430715,0.07102653046114095,1.435266325212022,0.2242041529538152,0.40525057036170026,2.147110217260803,-0.7338651280903932,-0.21906325237055913,-0.6784393138666114,0.35564889296838165,-0.5535261667720761,-0.09157771660737571
1.342296271013062,1.8834092431850868,-1.3626571399581904,-0.5730010617983812,-0.9285436145917447,0.40525057036170026,-0.46488770329084356,-0.7338651280903932,-0.21906325237055913,1.4712666515828257,0.35564889296838165,-0.5535261667720761,-0.09157771660737571
1.342296271013062,0.5672290305568721,1.5047102008804722,1.435266325212022,0.2242041529538152,0.40525057036170026,-0.46488770329084356,-0.7338651280903932,-0.21906325237055913,1.4712666515828257,0.35564889296838165,-0.5535261667720761,-1.4049949679500031
1.3222415761897173,0.6270554038581546,1.5047102008804722,1.435266325212022,1.3769519204993752,0.40525057036170026,-0.46488770329084356,-0.7338651280903932,-0.21906325237055913,1.4712666515828257,1.5162994718172922,1.8032844651871542,-1.4049949679500031
1.3021868813663726,2.6910652827524,0.07102653046114095,-0.5730010617983812,-0.9285436145917447,0.40525057036170026,-0.46488770329084356,1.3601479337382152,-0.21906325237055913,1.4712666515828257,0.35564889296838165,1.8032844651871542,-1.4049949679500031
1.2620774917196833,1.8834092431850868,0.07102653046114095,1.435266325212022,0.2242041529538152,0.40525057036170026,-0.46488770329084356,1.3601479337382152,-0.21906325237055913,1.4712666515828257,0.35564889296838165,-0.5535261667720761,-1.4049949679500031
1.2620774917196833,2.6910652827524,-1.3626571399581904,-0.5730010617983812,-0.9285436145917447,0.40525057036170026,-0.46488770329084356,1.3601479337382152,4.55651564930763,-0.6784393138666114,0.35564889296838165,-0.5535261667720761,-1.4049949679500031
1.2420227968963387,1.2951165723891425,0.07102653046114095,1.435266325212022,-0.9285436145917447,0.40525057036170026,-0.46488770329084356,-0.7338651280903932,-0.21906325237055913,-0.6784393138666114,1.5162994718172922,-0.5535261667720761,1.2218395347352515
1.221968102072994,0.44757628395430715,0.07102653046114095,-0.5730010617983812,-0.9285436145917447,0.40525057036170026,-0.46488770329084356,-0.7338651280903932,-0.21906325237055913,1.4712666515828257,0.35564889296838165,-0.5535261667720761,-1.4049949679500031
1.1818587124263047,2.6910652827524,1.5047102008804722,1.435266325212022,0.2242041529538152,0.40525057036170026,-0.46488770329084356,-0.7338651280903932,-0.21906325237055913,-0.6784393138666114,1.5162994718172922,1.8032844651871542,-1.4049949679500031
1.1818587124263047,-0.5495299377337343,0.07102653046114095,1.435266325212022,0.2242041529538152,0.40525057036170026,-0.46488770329084356,1.3601479337382152,-0.21906325237055913,1.4712666515828257,-0.8050016858805287,1.8032844651871542,-0.09157771660737571
1.16180401760296,0.44757628395430715,1.5047102008804722,1.435266325212022,2.529699688044935,0.40525057036170026,-0.46488770329084356,-0.7338651280903932,-0.21906325237055913,1.4712666515828257,-0.8050016858805287,-0.5535261667720761,1.2218395347352515
1.1417493227796154,-0.041005764672833164,0.07102653046114095,-0.5730010617983812,2.529699688044935,0.40525057036170026,-0.46488770329084356,-0.7338651280903932,-0.21906325237055913,1.4712666515828257,-0.8050016858805287,1.8032844651871542,1.2218395347352515
1.1216946279562707,0.7467081504607196,-1.3626571399581904,1.435266325212022,2.529699688044935,0.40525057036170026,-0.46488770329084356,1.3601479337382152,-0.21906325237055913,-0.6784393138666114,-0.8050016858805287,1.8032844651871542,-1.4049949679500031
1.101639933132926,-0.5295878132999735,0.07102653046114095,-0.5730010617983812,0.2242041529538152,0.40525057036170026,-0.46488770329084356,1.3601479337382152,4.55651564930763,-0.6784393138666114,0.35564889296838165,-0.5535261667720761,-1.4049949679500031
1.101639933132926,-0.4199061289142889,1.5047102008804722,1.435266325212022,0.2242041529538152,0.40525057036170026,-0.46488770329084356,-0.7338651280903932,4.55651564930763,-0.6784393138666114,-0.8050016858805287,-0.5535261667720761,-0.09157771660737571
1.101639933132926,0.6569685905087959,0.07102653046114095,1.435266325212022,1.3769519204993752,0.40525057036170026,-0.46488770329084356,-0.7338651280903932,-0.21906325237055913,1.4712666515828257,-0.8050016858805287,1.8032844651871542,-1.4049949679500031
1.101639933132926,0.6968528393763175,0.07102653046114095,1.435266325212022,1.3769519204993752,0.40525057036170026,-0.46488770329084356,-0.7338651280903932,-0.21906325237055913,1.4712666515828257,-0.8050016858805287,1.8032844651871542,-1.4049949679500031
1.101639933132926,0.29801035070110093,0.07102653046114095,-0.5730010617983812,-0.9285436145917447,0.40525057036170026,2.147110217260803,1.3601479337382152,-0.21906325237055913,1.4712666515828257,1.5162994718172922,1.8032844651871542,-1.4049949679500031
1.101639933132926,0.44757628395430715,0.07102653046114095,1.435266325212022,1.3769519204993752,0.40525057036170026,2.147110217260803,-0.7338651280903932,-0.21906325237055913,1.4712666515828257,-0.8050016858805287,-0.5535261667720761,-1.4049949679500031
1.0896071162389194,0.44757628395430715,0.07102653046114095,-0.5730010617983812,0.2242041529538152,0.40525057036170026,-0.46488770329084356,-0.7338651280903932,4.55651564930763,-0.6784393138666114,0.35564889296838165,1.8032844651871542,-0.09157771660737571
1.0815852383095814,-0.5495299377337343,0.07102653046114095,1.435266325212022,0.2242041529538152,0.40525057036170026,-0.46488770329084356,1.3601479337382152,-0.21906325237055913,1.4712666515828257,0.35564889296838165,-0.5535261667720761,-0.09157771660737571
1.0815852383095814,2.6910652827524,0.07102653046114095,1.435266325212022,-0.9285436145917447,0.40525057036170026,-0.46488770329084356,1.3601479337382152,-0.21906325237055913,1.4712666515828257,0.35564889296838165,1.8032844651871542,-1.4049949679500031
1.0615305434862368,0.44757628395430715,0.07102653046114095,1.435266325212022,2.529699688044935,0.40525057036170026,-0.46488770329084356,-0.7338651280903932,-0.21906325237055913,1.4712666515828257,-0.8050016858805287,-0.5535261667720761,-0.09157771660737571
1.0214211538395475,-0.6691826843362992,0.07102653046114095,-0.5730010617983812,0.2242041529538152,0.40525057036170026,-0.46488770329084356,-0.7338651280903932,4.55651564930763,-0.6784393138666114,1.5162994718172922,-0.5535261667720761,-0.09157771660737571
1.0214211538395475,1.5693207833533538,0.07102653046114095,1.435266325212022,1.3769519204993752,0.40525057036170026,-0.46488770329084356,-0.7338651280903932,-0.21906325237055913,1.4712666515828257,-0.8050016858805287,-0.5535261667720761,-1.4049949679500031
1.0214211538395475,0.781606868219801,0.07102653046114095,-0.5730010617983812,1.3769519204993752,0.40525057036170026,-0.46488770329084356,1.3601479337382152,-0.21906325237055913,-0.6784393138666114,-0.8050016858805287,1.8032844651871542,1.2218395347352515
1.0013664590162028,-0.5694720621674951,0.07102653046114095,-0.5730010617983812,-0.9285436145917447,0.40525057036170026,-0.46488770329084356,1.3601479337382152,-0.21906325237055913,-0.6784393138666114,1.5162994718172922,-0.5535261667720761,-0.09157771660737571
1.0013664590162028,1.1505361702443764,0.07102653046114095,-0.5730010617983812,-0.9285436145917447,0.40525057036170026,2.147110217260803,1.3601479337382152,-0.21906325237055913,1.4712666515828257,1.5162994718172922,1.8032844651871542,1.2218395347352515
0.9813117641928583,1.7338433099318806,2.221552036090138,3.443533712222425,0.2242041529538152,0.40525057036170026,-0.46488770329084356,-0.7338651280903932,-0.21906325237055913,-0.6784393138666114,1.5162994718172922,-0.5535261667720761,-1.4049949679500031
0.9813117641928583,-0.050976826889713577,0.07102653046114095,-0.5730010617983812,0.2242041529538152,0.40525057036170026,-0.46488770329084356,-0.7338651280903932,-0.21906325237055913,1.4712666515828257,-0.8050016858805287,-0.5535261667720761,-0.09157771660737571
0.9692789472988514,0.8214911170873227,-1.3626571399581904,-0.5730010617983812,-0.9285436145917447,0.40525057036170026,2.147110217260803,1.3601479337382152,-0.21906325237055913,-0.6784393138666114,1.5162994718172922,1.8032844651871542,-1.4049949679500031
0.9612570693695136,-0.15068744905851772,0.07102653046114095,1.435266325212022,2.529699688044935,0.40525057036170026,2.147110217260803,-0.7338651280903932,-0.21906325237055913,1.4712666515828257,-0.8050016858805287,-0.5535261667720761,-1.4049949679500031
0.9010929848994796,1.045840016967132,0.07102653046114095,1.435266325212022,-0.9285436145917447,0.40525057036170026,-0.46488770329084356,1.3601479337382152,-0.21906325237055913,1.4712666515828257,2.6769500506662025,-0.5535261667720761,-0.09157771660737571
0.9010929848994796,0.44757628395430715,1.5047102008804722,1.435266325212022,2.529699688044935,0.40525057036170026,-0.46488770329084356,-0.7338651280903932,-0.21906325237055913,-0.6784393138666114,0.35564889296838165,-0.5535261667720761,-0.09157771660737571
0.9010929848994796,-0.4996746266493322,0.07102653046114095,1.435266325212022,1.3769519204993752,0.40525057036170026,-0.46488770329084356,-0.7338651280903932,-0.21906325237055913,1.4712666515828257,1.5162994718172922,-0.5535261667720761,-0.09157771660737571
0.9010929848994796,1.9432356164863693,0.07102653046114095,-0.5730010617983812,-0.9285436145917447,0.40525057036170026,-0.46488770329084356,1.3601479337382152,-0.21906325237055913,-0.6784393138666114,0.35564889296838165,1.8032844651871542,-1.4049949679500031
0.9010929848994796,0.6469975282919155,0.07102653046114095,-0.5730010617983812,-0.9285436145917447,0.40525057036170026,2.147110217260803,1.3601479337382152,-0.21906325237055913,1.4712666515828257,0.35564889296838165,1.8032844651871542,-0.09157771660737571
0.8970820459348107,0.7467081504607196,0.07102653046114095,1.435266325212022,1.3769519204993752,0.40525057036170026,-0.46488770329084356,-0.7338651280903932,-0.21906325237055913,1.4712666515828257,-0.8050016858805287,1.8032844651871542,1.2218395347352515
0.881038290076135,0.44757628395430715,1.5047102008804722,-0.5730010617983812,1.3769519204993752,0.40525057036170026,2.147110217260803,1.3601479337382152,-0.21906325237055913,-0.6784393138666114,-0.8050016858805287,1.8032844651871542,1.2218395347352515
0.8609835952527903,0.7467081504607196,0.07102653046114095,1.435266325212022,-0.9285436145917447,0.40525057036170026,-0.46488770329084356,1.3601479337382152,-0.21906325237055913,1.4712666515828257,-0.8050016858805287,1.8032844651871542,1.2218395347352515
0.8609835952527903,0.19829972853229677,0.07102653046114095,-0.5730010617983812,1.3769519204993752,0.40525057036170026,-0.46488770329084356,-0.7338651280903932,-0.21906325237055913,-0.6784393138666114,0.35564889296838165,1.8032844651871542,1.2218395347352515
0.8409289004294457,0.19829972853229677,0.07102653046114095,1.435266325212022,2.529699688044935,0.40525057036170026,2.147110217260803,-0.7338651280903932,-0.21906325237055913,1.4712666515828257,0.35564889296838165,-0.5535261667720761,-0.09157771660737571
0.8409289004294457,0.6220698727497144,0.07102653046114095,1.435266325212022,1.3769519204993752,0.40525057036170026,2.147110217260803,-0.7338651280903932,-0.21906325237055913,1.4712666515828257,-0.8050016858805287,-0.5535261667720761,-1.4049949679500031
0.8409289004294457,0.19829972853229677,0.07102653046114095,1.435266325212022,-0.9285436145917447,0.40525057036170026,2.147110217260803,1.3601479337382152,-0.21906325237055913,-0.6784393138666114,1.5162994718172922,1.8032844651871542,-1.4049949679500031
0.820874205606101,-0.30025338231172394,0.07102653046114095,-0.5730010617983812,2.529699688044935,0.40525057036170026,-0.46488770329084356,-0.7338651280903932,-0.21906325237055913,1.4712666515828257,-0.8050016858805287,-0.5535261667720761,1.2218395347352515
0.820874205606101,0.17337207299009574,1.5047102008804722,1.435266325212022,-0.9285436145917447,0.40525057036170026,-0.46488770329084356,1.3601479337382152,-0.21906325237055913,1.4712666515828257,-0.8050016858805287,1.8032844651871542,-0.09157771660737571
0.8008195107827564,0.6569685905087959,0.07102653046114095,-0.5730010617983812,1.3769519204993752,0.40525057036170026,-0.46488770329084356,1.3601479337382152,-0.21906325237055913,-0.6784393138666114,-0.8050016858805287,1.8032844651871542,1.2218395347352515
0.790792163371084,-0.92843030197519,1.5047102008804722,-0.5730010617983812,1.3769519204993752,0.40525057036170026,-0.46488770329084356,-0.7338651280903932,-0.21906325237055913,-0.6784393138666114,0.35564889296838165,-0.5535261667720761,-0.09157771660737571
0.7807648159594117,0.7541864471233799,1.5047102008804722,1.435266325212022,0.2242041529538152,0.40525057036170026,2.147110217260803,-0.7338651280903932,4.55651564930763,-0.6784393138666114,0.35564889296838165,-0.5535261667720761,-0.09157771660737571
0.7807648159594117,0.7467081504607196,0.07102653046114095,-0.5730010617983812,-0.9285436145917447,0.40525057036170026,2.147110217260803,1.3601479337382152,-0.21906325237055913,-0.6784393138666114,1.5162994718172922,1.8032844651871542,-0.09157771660737571
0.7807648159594117,1.6301442628763243,0.07102653046114095,-0.5730010617983812,1.3769519204993752,0.40525057036170026,-0.46488770329084356,-0.7338651280903932,-0.21906325237055913,1.4712666515828257,1.5162994718172922,-0.5535261667720761,1.2218395347352515
0.7767538769947427,-0.3999640044805281,2.221552036090138,1.435266325212022,0.2242041529538152,0.40525057036170026,-0.46488770329084356,-0.7338651280903932,-0.21906325237055913,-0.6784393138666114,-0.8050016858805287,-0.5535261667720761,-1.4049949679500031
0.7767538769947427,2.2523385452096623,0.07102653046114095,-0.5730010617983812,-0.9285436145917447,0.40525057036170026,-0.46488770329084356,1.3601479337382152,-0.21906325237055913,-0.6784393138666114,1.5162994718172922,1.8032844651871542,-1.4049949679500031
0.7406554263127224,0.8464187726295237,-1.3626571399581904,-0.5730010617983812,-0.9285436145917447,0.40525057036170026,2.147110217260803,1.3601479337382152,-0.21906325237055913,-0.6784393138666114,1.5162994718172922,-0.5535261667720761,-1.4049949679500031
0.7406554263127224,1.4446825056423487,0.07102653046114095,-0.5730010617983812,-0.9285436145917447,0.40525057036170026,2.147110217260803,1.3601479337382152,-0.21906325237055913,1.4712666515828257,1.5162994718172922,1.8032844651871542,-0.09157771660737571
0.7406554263127224,0.8962740837139258,0.07102653046114095,1.435266325212022,-0.9285436145917447,0.40525057036170026,2.147110217260803,1.3601479337382152,-0.21906325237055913,-0.6784393138666114,-0.8050016858805287,1.8032844651871542,1.2218395347352515
0.7005460366660331,-0.6990958709869405,1.5047102008804722,-0.5730010617983812,0.2242041529538152,0.40525057036170026,2.147110217260803,-0.7338651280903932,-0.21906325237055913,1.4712666515828257,-0.8050016858805287,-0.5535261667720761,-1.4049949679500031
0.7005460366660331,0.6569685905087959,0.07102653046114095,-0.5730010617983812,-0.9285436145917447,0.40525057036170026,-0.46488770329084356,1.3601479337382152,-0.21906325237055913,1.4712666515828257,-0.8050016858805287,1.8032844651871542,-1.4049949679500031
0.7005460366660331,0.9561004570152083,0.07102653046114095,-0.5730010617983812,-0.9285436145917447,0.40525057036170026,-0.46488770329084356,1.3601479337382152,-0.21906325237055913,1.4712666515828257,1.5162994718172922,1.8032844651871542,-0.09157771660737571
0.7005460366660331,0.7167949638100783,0.07102653046114095,-0.5730010617983812,-0.9285436145917447,0.40525057036170026,2.147110217260803,1.3601479337382152,-0.21906325237055913,-0.6784393138666114,1.5162994718172922,1.8032844651871542,-1.4049949679500031
0.7005460366660331,1.0612951634032965,0.07102653046114095,-0.5730010617983812,0.2242041529538152,0.40525057036170026,2.147110217260803,1.3601479337382152,-0.21906325237055913,1.4712666515828257,-0.8050016858805287,1.8032844651871542,-0.09157771660737571
0.7005460366660331,0.5742087741086884,1.5047102008804722,1.435266325212022,-0.9285436145917447,0.40525057036170026,-0.46488770329084356,1.3601479337382152,-0.21906325237055913,-0.6784393138666114,0.35564889296838165,1.8032844651871542,-0.09157771660737571
0.7005460366660331,1.1056663902684145,1.5047102008804722,1.435266325212022,0.2242041529538152,0.40525057036170026,-0.46488770329084356,-0.7338651280903932,-0.21906325237055913,-0.6784393138666114,-0.8050016858805287,-0.5535261667720761,-1.4049949679500031
0.7005460366660331,0.709316667147418,0.07102653046114095,1.435266325212022,2.529699688044935,0.40525057036170026,-0.46488770329084356,-0.7338651280903932,-0.21906325237055913,-0.6784393138666114,0.35564889296838165,-0.5535261667720761,-1.4049949679500031
0.6965350977013642,2.6910652827524,0.07102653046114095,-0.5730010617983812,-0.9285436145917447,0.40525057036170026,-0.46488770329084356,-0.7338651280903932,-0.21906325237055913,1.4712666515828257,1.5162994718172922,-0.5535261667720761,-0.09157771660737571
0.6604366470193438,1.0258978925333713,0.07102653046114095,-0.5730010617983812,-0.9285436145917447,0.40525057036170026,-0.46488770329084356,1.3601479337382152,-0.21906325237055913,-0.6784393138666114,1.5162994718172922,1.8032844651871542,1.2218395347352515
0.6604366470193438,0.6968528393763175,0.07102653046114095,1.435266325212022,1.3769519204993752,0.40525057036170026,-0.46488770329084356,-0.7338651280903932,-0.21906325237055913,1.4712666515828257,-0.8050016858805287,-0.5535261667720761,1.2218395347352515
0.6564257080546749,0.19829972853229677,0.07102653046114095,-0.5730010617983812,1.3769519204993752,0.40525057036170026,2.147110217260803,-0.7338651280903932,-0.21906325237055913,1.4712666515828257,0.35564889296838165,-0.5535261667720761,-1.4049949679500031
0.6564257080546749,2.6910652827524,0.07102653046114095,-0.5730010617983812,1.3769519204993752,0.40525057036170026,-0.46488770329084356,-0.7338651280903932,-0.21906325237055913,-0.6784393138666114,1.5162994718172922,1.8032844651871542,-0.09157771660737571
0.652414769090006,-0.15068744905851772,0.07102653046114095,-0.5730010617983812,-0.9285436145917447,0.40525057036170026,2.147110217260803,1.3601479337382152,-0.21906325237055913,-0.6784393138666114,-0.8050016858805287,-0.5535261667720761,1.2218395347352515
0.6203272573726545,0.3618251488891356,1.5047102008804722,-0.5730010617983812,2.529699688044935,0.40525057036170026,2.147110217260803,-0.7338651280903932,-0.21906325237055913,-0.6784393138666114,-0.8050016858805287,-0.5535261667720761,-0.09157771660737571
0.6203272573726545,0.048733795279090567,0.07102653046114095,-0.5730010617983812,1.3769519204993752,0.40525057036170026,-0.46488770329084356,-0.7338651280903932,-0.21906325237055913,1.4712666515828257,-0.8050016858805287,-0.5535261667720761,-0.09157771660737571
0.6203272573726545,-0.15068744905851772,0.07102653046114095,-0.5730010617983812,1.3769519204993752,0.40525057036170026,-0.46488770329084356,-0.7338651280903932,-0.21906325237055913,1.4712666515828257,-0.8050016858805287,-0.5535261667720761,1.2218395347352515
0.6163163184079856,0.9461293947983278,0.07102653046114095,-0.5730010617983812,-0.9285436145917447,0.40525057036170026,-0.46488770329084356,1.3601479337382152,-0.21906325237055913,-0.6784393138666114,1.5162994718172922,1.8032844651871542,-0.09157771660737571
0.6002725625493098,0.44757628395430715,0.07102653046114095,1.435266325212022,2.529699688044935,0.40525057036170026,-0.46488770329084356,-0.7338651280903932,-0.21906325237055913,1.4712666515828257,-0.8050016858805287,-0.5535261667720761,1.2218395347352515
0.5802178677259652,0.14844441744789472,1.5047102008804722,1.435266325212022,0.2242041529538152,0.40525057036170026,-0.46488770329084356,-0.7338651280903932,-0.21906325237055913,1.4712666515828257,1.5162994718172922,-0.5535261667720761,1.2218395347352515
0.5802178677259652,-0.23045594679356105,1.5047102008804722,-0.5730010617983812,0.2242041529538152,0.40525057036170026,-0.46488770329084356,-0.7338651280903932,-0.21906325237055913,-0.6784393138666114,0.35564889296838165,-0.5535261667720761,-0.09157771660737571
0.5802178677259652,-0.050976826889713577,0.07102653046114095,-0.5730010617983812,1.3769519204993752,0.40525057036170026,-0.46488770329084356,-0.7338651280903932,-0.21906325237055913,1.4712666515828257,-0.8050016858805287,-0.5535261667720761,-0.09157771660737571
0.5802178677259652,0.6270554038581546,0.07102653046114095,-0.5730010617983812,-0.9285436145917447,0.40525057036170026,2.147110217260803,1.3601479337382152,-0.21906325237055913,1.4712666515828257,1.5162994718172922,1.8032844651871542,-1.4049949679500031
0.5802178677259652,0.347865661785503,0.07102653046114095,1.435266325212022,2.529699688044935,0.40525057036170026,-0.46488770329084356,-0.7338651280903932,-0.21906325237055913,1.4712666515828257,-0.8050016858805287,-0.5535261667720761,1.2218395347352515
0.5300811306676035,0.7766213371113608,1.5047102008804722,1.435266325212022,0.2242041529538152,0.40525057036170026,2.147110217260803,1.3601479337382152,-0.21906325237055913,-0.6784393138666114,0.35564889296838165,1.8032844651871542,-0.09157771660737571
0.4999990884325866,2.6910652827524,1.5047102008804722,1.435266325212022,0.2242041529538152,0.40525057036170026,-0.46488770329084356,-0.7338651280903932,-0.21906325237055913,-0.6784393138666114,0.35564889296838165,-0.5535261667720761,-0.09157771660737571
0.4999990884325866,-0.15068744905851772,2.221552036090138,1.435266325212022,1.3769519204993752,-2.463081388691893,-0.46488770329084356,1.3601479337382152,4.55651564930763,-0.6784393138666114,-0.8050016858805287,-0.5535261667720761,1.2218395347352515
0.4999990884325866,-0.2005427601429198,1.5047102008804722,-0.5730010617983812,0.2242041529538152,0.40525057036170026,2.147110217260803,1.3601479337382152,-0.21906325237055913,1.4712666515828257,0.35564889296838165,-0.5535261667720761,-1.4049949679500031
0.4999990884325866,-0.050976826889713577,0.07102653046114095,-0.5730010617983812,2.529699688044935,0.40525057036170026,-0.46488770329084356,-0.7338651280903932,-0.21906325237055913,-0.6784393138666114,-0.8050016858805287,-0.5535261667720761,-1.4049949679500031
0.4999990884325866,2.6910652827524,-1.3626571399581904,-0.5730010617983812,-0.9285436145917447,0.40525057036170026,-0.46488770329084356,-0.7338651280903932,-0.21906325237055913,-0.6784393138666114,0.35564889296838165,-0.5535261667720761,-0.09157771660737571
0.4999990884325866,0.19829972853229677,0.07102653046114095,1.435266325212022,0.2242041529538152,0.40525057036170026,-0.46488770329084356,-0.7338651280903932,-0.21906325237055913,-0.6784393138666114,0.35564889296838165,-0.5535261667720761,-0.09157771660737571
0.4999990884325866,0.6270554038581546,0.07102653046114095,-0.5730010617983812,1.3769519204993752,0.40525057036170026,-0.46488770329084356,-0.7338651280903932,-0.21906325237055913,-0.6784393138666114,-0.8050016858805287,1.8032844651871542,-0.09157771660737571
0.4999990884325866,0.7467081504607196,1.5047102008804722,1.435266325212022,-0.9285436145917447,0.40525057036170026,-0.46488770329084356,1.3601479337382152,-0.21906325237055913,-0.6784393138666114,-0.8050016858805287,1.8032844651871542,-0.09157771660737571
0.4999990884325866,0.01682639618507324,0.07102653046114095,-0.5730010617983812,0.2242041529538152,0.40525057036170026,2.147110217260803,1.3601479337382152,-0.21906325237055913,1.4712666515828257,-0.8050016858805287,1.8032844651871542,1.2218395347352515
0.47994439360924196,-0.350108693396126,1.5047102008804722,-0.5730010617983812,0.2242041529538152,0.40525057036170026,-0.46488770329084356,-0.7338651280903932,-0.21906325237055913,1.4712666515828257,1.5162994718172922,1.8032844651871542,-0.09157771660737571
0.47994439360924196,0.14844441744789472,2.221552036090138,-0.5730010617983812,0.2242041529538152,0.40525057036170026,2.147110217260803,1.3601479337382152,-0.21906325237055913,1.4712666515828257,-0.8050016858805287,1.8032844651871542,-1.4049949679500031
0.4598896987858973,-0.8985171153245488,0.07102653046114095,3.443533712222425,0.2242041529538152,0.40525057036170026,-0.46488770329084356,1.3601479337382152,-0.21906325237055913,-0.6784393138666114,-0.8050016858805287,-0.5535261667720761,-0.09157771660737571
0.4598896987858973,-0.7240235265291416,0.07102653046114095,1.435266325212022,0.2242041529538152,0.40525057036170026,-0.46488770329084356,-0.7338651280903932,-0.21906325237055913,-0.6784393138666114,1.5162994718172922,-0.5535261667720761,-0.09157771660737571
0.4598896987858973,0.4974315950387092,0.07102653046114095,1.435266325212022,-0.9285436145917447,0.40525057036170026,-0.46488770329084356,1.3601479337382152,-0.21906325237055913,-0.6784393138666114,1.5162994718172922,1.8032844651871542,-1.4049949679500031
0.4558787598212284,0.8962740837139258,0.07102653046114095,-0.5730010617983812,-0.9285436145917447,0.40525057036170026,2.147110217260803,1.3601479337382152,-0.21906325237055913,-0.6784393138666114,-0.8050016858805287,1.8032844651871542,-0.09157771660737571
0.43983500396255265,-1.139318267862211,1.5047102008804722,1.435266325212022,0.2242041529538152,-2.463081388691893,2.147110217260803,1.3601479337382152,-0.21906325237055913,-0.6784393138666114,0.35564889296838165,-0.5535261667720761,-1.4049949679500031
0.43983500396255265,1.4347114434254682,0.07102653046114095,-0.5730010617983812,-0.9285436145917447,0.40525057036170026,-0.46488770329084356,-0.7338651280903932,-0.21906325237055913,-0.6784393138666114,1.5162994718172922,-0.5535261667720761,-0.09157771660737571
0.419780309139208,-0.9733000819511519,0.07102653046114095,1.435266325212022,-0.9285436145917447,0.40525057036170026,2.147110217260803,1.3601479337382152,-0.21906325237055913,1.4712666515828257,-0.8050016858805287,-0.5535261667720761,-1.4049949679500031
0.419780309139208,0.5522724372315515,1.5047102008804722,-0.5730010617983812,2.529699688044935,0.40525057036170026,2.147110217260803,-0.7338651280903932,-0.21906325237055913,1.4712666515828257,-0.8050016858805287,-0.5535261667720761,-1.4049949679500031
0.419780309139208,0.4974315950387092,0.07102653046114095,-0.5730010617983812,1.3769519204993752,0.40525057036170026,2.147110217260803,-0.7338651280903932,-0.21906325237055913,1.4712666515828257,-0.8050016858805287,1.8032844651871542,-0.09157771660737571
0.419780309139208,0.7467081504607196,1.5047102008804722,1.435266325212022,0.2242041529538152,0.40525057036170026,2.147110217260803,1.3601479337382152,-0.21906325237055913,-0.6784393138666114,-0.8050016858805287,1.8032844651871542,-0.09157771660737571
0.39972561431586334,0.8588826004006243,0.07102653046114095,-0.5730010617983812,-0.9285436145917447,0.40525057036170026,2.147110217260803,1.3601479337382152,-0.21906325237055913,1.4712666515828257,-0.8050016858805287,1.8032844651871542,-0.09157771660737571
0.3796709194925187,0.8015489926535618,0.07102653046114095,1.435266325212022,0.2242041529538152,0.40525057036170026,2.147110217260803,1.3601479337382152,-0.21906325237055913,-0.6784393138666114,0.35564889296838165,1.8032844651871542,-1.4049949679500031
0.37565998052784977,0.6719251838341165,0.07102653046114095,1.435266325212022,-0.9285436145917447,0.40525057036170026,2.147110217260803,1.3601479337382152,4.55651564930763,-0.6784393138666114,-0.8050016858805287,-0.5535261667720761,1.2218395347352515
0.33956152984582944,1.3449718834735445,0.07102653046114095,-0.5730010617983812,-0.9285436145917447,0.40525057036170026,-0.46488770329084356,1.3601479337382152,-0.21906325237055913,1.4712666515828257,1.5162994718172922,1.8032844651871542,1.2218395347352515
0.3195068350224848,-0.2503980712273219,-1.3626571399581904,1.435266325212022,-0.9285436145917447,0.40525057036170026,-0.46488770329084356,-0.7338651280903932,-0.21906325237055913,1.4712666515828257,1.5162994718172922,-0.5535261667720761,-0.09157771660737571
0.2994521401991401,-0.4199061289142889,1.5047102008804722,-0.5730010617983812,0.2242041529538152,0.40525057036170026,-0.46488770329084356,1.3601479337382152,-0.21906325237055913,1.4712666515828257,-0.8050016858805287,-0.5535261667720761,-1.4049949679500031
0.2994521401991401,0.7167949638100783,1.5047102008804722,1.435266325212022,0.2242041529538152,-2.463081388691893,-0.46488770329084356,-0.7338651280903932,-0.21906325237055913,1.4712666515828257,-0.8050016858805287,-0.5535261667720761,-0.09157771660737571
0.2994521401991401,0.19829972853229677,0.07102653046114095,1.435266325212022,-0.9285436145917447,0.40525057036170026,-0.46488770329084356,1.3601479337382152,-0.21906325237055913,-0.6784393138666114,-0.8050016858805287,-0.5535261667720761,-0.09157771660737571
0.2994521401991401,2.5758995141474315,0.07102653046114095,-0.5730010617983812,-0.9285436145917447,0.40525057036170026,-0.46488770329084356,-0.7338651280903932,-0.21906325237055913,-0.6784393138666114,0.35564889296838165,1.8032844651871542,-0.09157771660737571
0.2994521401991401,1.644103749979957,0.07102653046114095,-0.5730010617983812,0.2242041529538152,0.40525057036170026,2.147110217260803,1.3601479337382152,-0.21906325237055913,1.4712666515828257,1.5162994718172922,1.8032844651871542,1.2218395347352515
0.2994521401991401,0.09858910636349263,1.5047102008804722,1.435266325212022,-0.9285436145917447,0.40525057036170026,-0.46488770329084356,-0.7338651280903932,-0.21906325237055913,1.4712666515828257,-0.8050016858805287,1.8032844651871542,1.2218395347352515
0.2994521401991401,-0.6492405599025385,0.07102653046114095,-0.5730010617983812,0.2242041529538152,0.40525057036170026,2.147110217260803,1.3601479337382152,-0.21906325237055913,-0.6784393138666114,0.35564889296838165,1.8032844651871542,1.2218395347352515
0.2994521401991401,2.342078105161586,1.5047102008804722,1.435266325212022,0.2242041529538152,0.40525057036170026,2.147110217260803,-0.7338651280903932,-0.21906325237055913,-0.6784393138666114,1.5162994718172922,-0.5535261667720761,-0.09157771660737571
0.2994521401991401,1.7039301232812394,0.07102653046114095,-0.5730010617983812,-0.9285436145917447,0.40525057036170026,-0.46488770329084356,-0.7338651280903932,-0.21906325237055913,1.4712666515828257,1.5162994718172922,-0.5535261667720761,-1.4049949679500031
0.2954412012344712,0.47250393949650815,0.07102653046114095,-0.5730010617983812,-0.9285436145917447,0.40525057036170026,-0.46488770329084356,1.3601479337382152,-0.21906325237055913,-0.6784393138666114,-0.8050016858805287,1.8032844651871542,-0.09157771660737571
0.2874193233051333,0.9885064092200696,0.07102653046114095,-0.5730010617983812,-0.9285436145917447,0.40525057036170026,2.147110217260803,1.3601479337382152,-0.21906325237055913,-0.6784393138666114,1.5162994718172922,1.8032844651871542,-0.09157771660737571
0.2793974453757955,-0.9583434886258313,0.07102653046114095,1.435266325212022,0.2242041529538152,0.40525057036170026,-0.46488770329084356,-0.7338651280903932,-0.21906325237055913,-0.6784393138666114,1.5162994718172922,-0.5535261667720761,-0.09157771660737571
0.2793974453757955,-0.30025338231172394,1.5047102008804722,1.435266325212022,-0.9285436145917447,-2.463081388691893,-0.46488770329084356,1.3601479337382152,-0.21906325237055913,1.4712666515828257,1.5162994718172922,-0.5535261667720761,-0.09157771660737571
0.2793974453757955,1.045840016967132,0.07102653046114095,-0.5730010617983812,0.2242041529538152,0.40525057036170026,2.147110217260803,1.3601479337382152,-0.21906325237055913,-0.6784393138666114,0.35564889296838165,1.8032844651871542,-1.4049949679500031
0.23928805572910616,-0.8436762731317066,0.07102653046114095,-0.5730010617983812,0.2242041529538152,-2.463081388691893,-0.46488770329084356,-0.7338651280903932,-0.21906325237055913,1.4712666515828257,-0.8050016858805287,-0.5535261667720761,-0.09157771660737571
0.23928805572910616,1.4347114434254682,0.07102653046114095,-0.5730010617983812,-0.9285436145917447,0.40525057036170026,-0.46488770329084356,-0.7338651280903932,-0.21906325237055913,-0.6784393138666114,0.35564889296838165,1.8032844651871542,-0.09157771660737571
0.2192333609057615,-1.048083048577755,0.07102653046114095,1.435266325212022,0.2242041529538152,0.40525057036170026,2.147110217260803,1.3601479337382152,-0.21906325237055913,-0.6784393138666114,-0.8050016858805287,-0.5535261667720761,-1.4049949679500031
0.2192333609057615,-1.048083048577755,0.07102653046114095,-0.5730010617983812,0.2242041529538152,0.40525057036170026,-0.46488770329084356,1.3601479337382152,-0.21906325237055913,-0.6784393138666114,-0.8050016858805287,-0.5535261667720761,1.2218395347352515
0.2192333609057615,2.6910652827524,-1.3626571399581904,-0.5730010617983812,0.2242041529538152,0.40525057036170026,-0.46488770329084356,-0.7338651280903932,-0.21906325237055913,-0.6784393138666114,-0.8050016858805287,1.8032844651871542,-1.4049949679500031
0.2192333609057615,0.4974315950387092,0.07102653046114095,-0.5730010617983812,-0.9285436145917447,0.40525057036170026,-0.46488770329084356,1.3601479337382152,-0.21906325237055913,1.4712666515828257,-0.8050016858805287,1.8032844651871542,-0.09157771660737571
0.19917866608241686,0.3079814129179813,-1.3626571399581904,-0.5730010617983812,0.2242041529538152,0.40525057036170026,-0.46488770329084356,-0.7338651280903932,-0.21906325237055913,1.4712666515828257,-0.8050016858805287,1.8032844651871542,1.2218395347352515
0.1791239712590722,-0.7788643687219838,-1.3626571399581904,-0.5730010617983812,-0.9285436145917447,-2.463081388691893,2.147110217260803,1.3601479337382152,-0.21906325237055913,-0.6784393138666114,-0.8050016858805287,-0.5535261667720761,-0.09157771660737571
0.1791239712590722,1.2452612613047402,1.5047102008804722,-0.5730010617983812,0.2242041529538152,0.40525057036170026,-0.46488770329084356,-0.7338651280903932,-0.21906325237055913,1.4712666515828257,1.5162994718172922,-0.5535261667720761,-1.4049949679500031
0.1791239712590722,2.6910652827524,0.07102653046114095,-0.5730010617983812,0.2242041529538152,0.40525057036170026,2.147110217260803,1.3601479337382152,-0.21906325237055913,-0.6784393138666114,-0.8050016858805287,-0.5535261667720761,-0.09157771660737571
0.1791239712590722,0.7467081504607196,0.07102653046114095,-0.5730010617983812,-0.9285436145917447,0.40525057036170026,2.147110217260803,1.3601479337382152,-0.21906325237055913,-0.6784393138666114,-0.8050016858805287,1.8032844651871542,-1.4049949679500031
0.17511303229440328,-0.15068744905851772,-1.3626571399581904,-0.5730010617983812,-0.9285436145917447,0.40525057036170026,2.147110217260803,1.3601479337382152,-0.21906325237055913,-0.6784393138666114,-0.8050016858805287,-0.5535261667720761,-0.09157771660737571
0.15906927643572755,1.5194654722689518,0.07102653046114095,1.435266325212022,-0.9285436145917447,0.40525057036170026,2.147110217260803,1.3601479337382152,-0.21906325237055913,-0.6784393138666114,-0.8050016858805287,-0.5535261667720761,-0.09157771660737571
0.13901458161238292,-0.3451231622876858,1.5047102008804722,3.443533712222425,0.2242041529538152,0.40525057036170026,-0.46488770329084356,1.3601479337382152,-0.21906325237055913,-0.6784393138666114,1.5162994718172922,-0.5535261667720761,-0.09157771660737571
0.13901458161238292,1.288136828837326,0.07102653046114095,-0.5730010617983812,-0.9285436145917447,0.40525057036170026,2.147110217260803,1.3601479337382152,4.55651564930763,-0.6784393138666114,-0.8050016858805287,-0.5535261667720761,-0.09157771660737571
0.13099270368304505,-1.1477936707465592,0.07102653046114095,1.435266325212022,0.2242041529538152,-2.463081388691893,-0.46488770329084356,1.3601479337382152,-0.21906325237055913,1.4712666515828257,0.35564889296838165,-0.5535261667720761,-0.09157771660737571
0.11895988678903825,0.42165152219041807,0.07102653046114095,-0.5730010617983812,0.2242041529538152,0.40525057036170026,-0.46488770329084356,-0.7338651280903932,-0.21906325237055913,1.4712666515828257,-0.8050016858805287,-0.5535261667720761,-0.09157771660737571
0.10291613093036253,-0.44981931556493016,0.07102653046114095,-0.5730010617983812,0.2242041529538152,0.40525057036170026,-0.46488770329084356,-0.7338651280903932,-0.21906325237055913,-0.6784393138666114,0.35564889296838165,-0.5535261667720761,-1.4049949679500031
0.09890519196569361,-0.2902823200948435,0.07102653046114095,-0.5730010617983812,0.2242041529538152,0.40525057036170026,-0.46488770329084356,1.3601479337382152,-0.21906325237055913,1.4712666515828257,-0.8050016858805287,-0.5535261667720761,-0.09157771660737571
0.09890519196569361,-0.5021673922035523,0.07102653046114095,-0.5730010617983812,0.2242041529538152,-2.463081388691893,2.147110217260803,1.3601479337382152,-0.21906325237055913,1.4712666515828257,-0.8050016858805287,-0.5535261667720761,-0.09157771660737571
0.09890519196569361,-0.48970356443245183,-1.3626571399581904,-0.5730010617983812,-0.9285436145917447,0.40525057036170026,-0.46488770329084356,1.3601479337382152,-0.21906325237055913,-0.6784393138666114,0.35564889296838165,-0.5535261667720761,-0.09157771660737571
0.09890519196569361,0.14844441744789472,1.5047102008804722,-0.5730010617983812,0.2242041529538152,0.40525057036170026,-0.46488770329084356,-0.7338651280903932,-0.21906325237055913,-0.6784393138666114,-0.8050016858805287,-0.5535261667720761,-0.09157771660737571
0.09890519196569361,-0.16564404238383834,0.07102653046114095,-0.5730010617983812,-0.9285436145917447,0.40525057036170026,2.147110217260803,1.3601479337382152,-0.21906325237055913,-0.6784393138666114,-0.8050016858805287,-0.5535261667720761,-0.09157771660737571
0.09890519196569361,0.5971422172075134,0.07102653046114095,-0.5730010617983812,-0.9285436145917447,0.40525057036170026,-0.46488770329084356,-0.7338651280903932,-0.21906325237055913,1.4712666515828257,1.5162994718172922,-0.5535261667720761,-0.09157771660737571
0.09890519196569361,0.347865661785503,-1.3626571399581904,-0.5730010617983812,-0.9285436145917447,0.40525057036170026,2.147110217260803,1.3601479337382152,-0.21906325237055913,1.4712666515828257,-0.8050016858805287,-0.5535261667720761,-0.09157771660737571
0.09890519196569361,-1.048083048577755,0.07102653046114095,-0.5730010617983812,0.2242041529538152,0.40525057036170026,-0.46488770329084356,1.3601479337382152,-0.21906325237055913,1.4712666515828257,-0.8050016858805287,-0.5535261667720761,-0.09157771660737571
0.09890519196569361,-1.0630396419030756,0.07102653046114095,-0.5730010617983812,1.3769519204993752,0.40525057036170026,-0.46488770329084356,-0.7338651280903932,-0.21906325237055913,-0.6784393138666114,-0.8050016858805287,-0.5535261667720761,-0.09157771660737571
0.09890519196569361,0.8065345237620021,0.07102653046114095,-0.5730010617983812,-0.9285436145917447,0.40525057036170026,-0.46488770329084356,-0.7338651280903932,-0.21906325237055913,-0.6784393138666114,-0.8050016858805287,-0.5535261667720761,1.2218395347352515
0.09890519196569361,-0.2274646281284969,0.07102653046114095,-0.5730010617983812,0.2242041529538152,0.40525057036170026,2.147110217260803,1.3601479337382152,-0.21906325237055913,-0.6784393138666114,1.5162994718172922,-0.5535261667720761,-0.09157771660737571
0.09890519196569361,2.6910652827524,0.07102653046114095,-0.5730010617983812,-0.9285436145917447,0.40525057036170026,-0.46488770329084356,-0.7338651280903932,-0.21906325237055913,-0.6784393138666114,1.5162994718172922,-0.5535261667720761,-1.4049949679500031
0.09489425300102468,-0.8386907420232663,1.5047102008804722,1.435266325212022,0.2242041529538152,0.40525057036170026,-0.46488770329084356,1.3601479337382152,-0.21906325237055913,1.4712666515828257,1.5162994718172922,-0.5535261667720761,-0.09157771660737571
0.09489425300102468,-0.053469592443933685,1.5047102008804722,1.435266325212022,-0.9285436145917447,0.40525057036170026,-0.46488770329084356,1.3601479337382152,-0.21906325237055913,-0.6784393138666114,-0.8050016858805287,-0.5535261667720761,-0.09157771660737571
0.07885049714234896,-0.37503634893832705,-1.3626571399581904,-0.5730010617983812,-0.9285436145917447,0.40525057036170026,-0.46488770329084356,1.3601479337382152,-0.21906325237055913,-0.6784393138666114,-0.8050016858805287,-0.5535261667720761,1.2218395347352515
0.0587958023190043,-0.46976143999869097,0.07102653046114095,-0.5730010617983812,1.3769519204993752,0.40525057036170026,-0.46488770329084356,-0.7338651280903932,-0.21906325237055913,-0.6784393138666114,-0.8050016858805287,-0.5535261667720761,1.2218395347352515
0.0587958023190043,0.46751840838806796,0.07102653046114095,-0.5730010617983812,-0.9285436145917447,0.40525057036170026,-0.46488770329084356,-0.7338651280903932,-0.21906325237055913,-0.6784393138666114,1.5162994718172922,1.8032844651871542,-0.09157771660737571
0.0587958023190043,0.877329065501853,0.07102653046114095,-0.5730010617983812,0.2242041529538152,0.40525057036170026,-0.46488770329084356,-0.7338651280903932,-0.21906325237055913,1.4712666515828257,1.5162994718172922,1.8032844651871542,-1.4049949679500031
0.0587958023190043,-0.1432091523958574,-1.3626571399581904,-0.5730010617983812,-0.9285436145917447,0.40525057036170026,-0.46488770329084356,-0.7338651280903932,-0.21906325237055913,1.4712666515828257,-0.8050016858805287,1.8032844651871542,-0.09157771660737571
0.038741107495659656,0.9461293947983278,0.07102653046114095,-0.5730010617983812,0.2242041529538152,0.40525057036170026,-0.46488770329084356,1.3601479337382152,-0.21906325237055913,-0.6784393138666114,-0.8050016858805287,-0.5535261667720761,1.2218395347352515
0.038741107495659656,1.4945378167267507,1.5047102008804722,-0.5730010617983812,2.529699688044935,0.40525057036170026,-0.46488770329084356,1.3601479337382152,-0.21906325237055913,1.4712666515828257,1.5162994718172922,-0.5535261667720761,-0.09157771660737571
0.022697351636983935,-0.8386907420232663,1.5047102008804722,1.435266325212022,0.2242041529538152,0.40525057036170026,-0.46488770329084356,-0.7338651280903932,-0.21906325237055913,-0.6784393138666114,-0.8050016858805287,-0.5535261667720761,-0.09157771660737571
0.018686412672315005,2.025995432886477,-1.3626571399581904,-0.5730010617983812,-0.9285436145917447,0.40525057036170026,-0.46488770329084356,1.3601479337382152,-0.21906325237055913,1.4712666515828257,1.5162994718172922,-0.5535261667720761,-0.09157771660737571
0.018686412672315005,0.6076118325352378,0.07102653046114095,-0.5730010617983812,0.2242041529538152,0.40525057036170026,-0.46488770329084356,1.3601479337382152,-0.21906325237055913,1.4712666515828257,0.35564889296838165,-0.5535261667720761,-1.4049949679500031
0.018686412672315005,2.561441473932955,-1.3626571399581904,-0.5730010617983812,-0.9285436145917447,0.40525057036170026,-0.46488770329084356,-0.7338651280903932,-0.21906325237055913,1.4712666515828257,1.5162994718172922,1.8032844651871542,1.2218395347352515
0.014675473707646075,0.6669396527256762,-1.3626571399581904,-0.5730010617983812,-0.9285436145917447,0.40525057036170026,-0.46488770329084356,-0.7338651280903932,-0.21906325237055913,1.4712666515828257,2.6769500506662025,-0.5535261667720761,-0.09157771660737571
-0.021422976974374296,0.033777201953769945,0.07102653046114095,-0.5730010617983812,2.529699688044935,0.40525057036170026,-0.46488770329084356,-0.7338651280903932,-0.21906325237055913,1.4712666515828257,-0.8050016858805287,-0.5535261667720761,-0.09157771660737571
-0.021422976974374296,0.44757628395430715,-1.3626571399581904,-0.5730010617983812,-0.9285436145917447,0.40525057036170026,-0.46488770329084356,1.3601479337382152,-0.21906325237055913,1.4712666515828257,0.35564889296838165,-0.5535261667720761,-1.4049949679500031
-0.021422976974374296,-0.733994588746022,0.07102653046114095,-0.5730010617983812,0.2242041529538152,0.40525057036170026,-0.46488770329084356,-0.7338651280903932,-0.21906325237055913,-0.6784393138666114,1.5162994718172922,-0.5535261667720761,-0.09157771660737571
-0.021422976974374296,2.275770541419331,1.5047102008804722,1.435266325212022,0.2242041529538152,0.40525057036170026,2.147110217260803,1.3601479337382152,-0.21906325237055913,-0.6784393138666114,0.35564889296838165,-0.5535261667720761,-0.09157771660737571
-0.021422976974374296,0.14844441744789472,-1.3626571399581904,-0.5730010617983812,0.2242041529538152,0.40525057036170026,-0.46488770329084356,-0.7338651280903932,-0.21906325237055913,-0.6784393138666114,-0.8050016858805287,1.8032844651871542,-0.09157771660737571
-0.021422976974374296,-0.38999294226364767,0.07102653046114095,-0.5730010617983812,-0.9285436145917447,0.40525057036170026,-0.46488770329084356,-0.7338651280903932,-0.21906325237055913,-0.6784393138666114,-0.8050016858805287,1.8032844651871542,-0.09157771660737571
-0.04147767179771895,-0.6766609809989595,0.07102653046114095,-0.5730010617983812,0.2242041529538152,0.40525057036170026,-0.46488770329084356,1.3601479337382152,-0.21906325237055913,-0.6784393138666114,-0.8050016858805287,-0.5535261667720761,-1.4049949679500031
-0.061532366621063594,-0.46976143999869097,0.07102653046114095,-0.5730010617983812,-0.9285436145917447,0.40525057036170026,2.147110217260803,1.3601479337382152,-0.21906325237055913,1.4712666515828257,-0.8050016858805287,-0.5535261667720761,1.2218395347352515
-0.061532366621063594,-0.6093563110350168,0.07102653046114095,1.435266325212022,0.2242041529538152,0.40525057036170026,-0.46488770329084356,1.3601479337382152,-0.21906325237055913,-0.6784393138666114,1.5162994718172922,-0.5535261667720761,-0.09157771660737571
-0.061532366621063594,0.2880392884842205,0.07102653046114095,-0.5730010617983812,0.2242041529538152,0.40525057036170026,2.147110217260803,-0.7338651280903932,-0.21906325237055913,1.4712666515828257,0.35564889296838165,-0.5535261667720761,-0.09157771660737571
-0.061532366621063594,-1.1128949529874776,-1.3626571399581904,-0.5730010617983812,0.2242041529538152,0.40525057036170026,2.147110217260803,1.3601479337382152,-0.21906325237055913,-0.6784393138666114,-0.8050016858805287,1.8032844651871542,-0.09157771660737571
-0.061532366621063594,-0.045991295781273374,0.07102653046114095,-0.5730010617983812,0.2242041529538152,0.40525057036170026,-0.46488770329084356,1.3601479337382152,-0.21906325237055913,-0.6784393138666114,-0.8050016858805287,-0.5535261667720761,-0.09157771660737571
-0.06554330558573253,-0.29526785120328375,1.5047102008804722,1.435266325212022,0.2242041529538152,0.40525057036170026,-0.46488770329084356,1.3601479337382152,-0.21906325237055913,-0.6784393138666114,-0.8050016858805287,-0.5535261667720761,-0.09157771660737571
-0.08158706144440825,-0.5495299377337343,0.07102653046114095,-0.5730010617983812,0.2242041529538152,0.40525057036170026,-0.46488770329084356,-0.7338651280903932,-0.21906325237055913,-0.6784393138666114,0.35564889296838165,-0.5535261667720761,-1.4049949679500031
-0.08158706144440825,-0.6292984354687776,0.07102653046114095,-0.5730010617983812,0.2242041529538152,0.40525057036170026,-0.46488770329084356,-0.7338651280903932,-0.21906325237055913,-0.6784393138666114,0.35564889296838165,1.8032844651871542,-0.09157771660737571
-0.1016417562677529,-0.6691826843362992,0.07102653046114095,-0.5730010617983812,-0.9285436145917447,0.40525057036170026,-0.46488770329084356,-0.7338651280903932,-0.21906325237055913,-0.6784393138666114,1.5162994718172922,-0.5535261667720761,-0.09157771660737571
-0.1016417562677529,-0.7290090576375817,0.07102653046114095,-0.5730010617983812,0.2242041529538152,0.40525057036170026,-0.46488770329084356,-0.7338651280903932,-0.21906325237055913,1.4712666515828257,-0.8050016858805287,-0.5535261667720761,-1.4049949679500031
-0.1016417562677529,-1.2724319484575644,0.07102653046114095,-0.5730010617983812,0.2242041529538152,0.40525057036170026,-0.46488770329084356,1.3601479337382152,-0.21906325237055913,-0.6784393138666114,-0.8050016858805287,-0.5535261667720761,-1.4049949679500031
-0.1016417562677529,0.10856016858037305,0.07102653046114095,-0.5730010617983812,0.2242041529538152,0.40525057036170026,2.147110217260803,1.3601479337382152,-0.21906325237055913,-0.6784393138666114,-0.8050016858805287,1.8032844651871542,-0.09157771660737571
-0.1016417562677529,0.12850229301413388,0.07102653046114095,-0.5730010617983812,0.2242041529538152,0.40525057036170026,-0.46488770329084356,-0.7338651280903932,-0.21906325237055913,-0.6784393138666114,1.5162994718172922,1.8032844651871542,1.2218395347352515
-0.1016417562677529,-0.7888354309388642,0.07102653046114095,-0.5730010617983812,-0.9285436145917447,0.40525057036170026,-0.46488770329084356,-0.7338651280903932,-0.21906325237055913,-0.6784393138666114,-0.8050016858805287,1.8032844651871542,-0.09157771660737571
-0.1016417562677529,1.644103749979957,1.5047102008804722,-0.5730010617983812,2.529699688044935,0.40525057036170026,-0.46488770329084356,-0.7338651280903932,-0.21906325237055913,-0.6784393138666114,2.6769500506662025,-0.5535261667720761,1.2218395347352515
-0.10565269523242182,-0.4996746266493322,-1.3626571399581904,1.435266325212022,-0.9285436145917447,0.40525057036170026,2.147110217260803,1.3601479337382152,-0.21906325237055913,-0.6784393138666114,-0.8050016858805287,-0.5535261667720761,-0.09157771660737571
-0.10565269523242182,-0.055962357998153786,1.5047102008804722,1.435266325212022,0.2242041529538152,0.40525057036170026,2.147110217260803,1.3601479337382152,-0.21906325237055913,-0.6784393138666114,-0.8050016858805287,1.8032844651871542,-1.4049949679500031
-0.12169645109109754,-0.7938209620473045,0.07102653046114095,-0.5730010617983812,1.3769519204993752,0.40525057036170026,-0.46488770329084356,-0.7338651280903932,-0.21906325237055913,-0.6784393138666114,-0.8050016858805287,-0.5535261667720761,-0.09157771660737571
-0.12169645109109754,-0.8237341486979457,0.07102653046114095,-0.5730010617983812,0.2242041529538152,0.40525057036170026,-0.46488770329084356,1.3601479337382152,-0.21906325237055913,-0.6784393138666114,0.35564889296838165,-0.5535261667720761,-0.09157771660737571
-0.12169645109109754,2.3719912918122272,0.07102653046114095,-0.5730010617983812,-0.9285436145917447,0.40525057036170026,-0.46488770329084356,-0.7338651280903932,-0.21906325237055913,-0.6784393138666114,-0.8050016858805287,-0.5535261667720761,-0.09157771660737571
-0.12169645109109754,-0.7888354309388642,-1.3626571399581904,-0.5730010617983812,0.2242041529538152,0.40525057036170026,-0.46488770329084356,-0.7338651280903932,-0.21906325237055913,-0.6784393138666114,-0.8050016858805287,1.8032844651871542,-1.4049949679500031
-0.1417511459144422,-0.29526785120328375,1.5047102008804722,-0.5730010617983812,0.2242041529538152,0.40525057036170026,-0.46488770329084356,-0.7338651280903932,-0.21906325237055913,1.4712666515828257,1.5162994718172922,-0.5535261667720761,-0.09157771660737571
-0.1417511459144422,0.39024267620724473,-1.3626571399581904,-0.5730010617983812,-0.9285436145917447,0.40525057036170026,-0.46488770329084356,-0.7338651280903932,-0.21906325237055913,1.4712666515828257,0.35564889296838165,-0.5535261667720761,1.2218395347352515
-0.1417511459144422,-0.5495299377337343,0.07102653046114095,-0.5730010617983812,0.2242041529538152,0.40525057036170026,-0.46488770329084356,-0.7338651280903932,-0.21906325237055913,-0.6784393138666114,1.5162994718172922,-0.5535261667720761,-1.4049949679500031
-0.1417511459144422,1.5693207833533538,0.07102653046114095,-0.5730010617983812,-0.9285436145917447,0.40525057036170026,-0.46488770329084356,-0.7338651280903932,-0.21906325237055913,-0.6784393138666114,-0.8050016858805287,-0.5535261667720761,-1.4049949679500031
-0.1417511459144422,-0.5295878132999735,0.07102653046114095,-0.5730010617983812,0.2242041529538152,0.40525057036170026,-0.46488770329084356,-0.7338651280903932,-0.21906325237055913,-0.6784393138666114,0.35564889296838165,-0.5535261667720761,-0.09157771660737571
-0.14576208487911113,0.6270554038581546,-1.3626571399581904,-0.5730010617983812,-0.9285436145917447,0.40525057036170026,-0.46488770329084356,1.3601479337382152,-0.21906325237055913,1.4712666515828257,0.35564889296838165,-0.5535261667720761,-1.4049949679500031
-0.14576208487911113,-0.9673174446210236,0.07102653046114095,-0.5730010617983812,0.2242041529538152,0.40525057036170026,-0.46488770329084356,-0.7338651280903932,-0.21906325237055913,1.4712666515828257,0.35564889296838165,-0.5535261667720761,-1.4049949679500031
-0.14576208487911113,-0.7938209620473045,0.07102653046114095,-0.5730010617983812,0.2242041529538152,0.40525057036170026,-0.46488770329084356,-0.7338651280903932,-0.21906325237055913,-0.6784393138666114,-0.8050016858805287,-0.5535261667720761,-0.09157771660737571
-0.16180584073778684,-0.6741682154447395,-1.3626571399581904,-0.5730010617983812,-0.9285436145917447,0.40525057036170026,2.147110217260803,1.3601479337382152,-0.21906325237055913,-0.6784393138666114,-0.8050016858805287,-0.5535261667720761,-0.09157771660737571
-0.1818605355611315,-0.5654836372807429,0.07102653046114095,-0.5730010617983812,0.2242041529538152,-2.463081388691893,-0.46488770329084356,-0.7338651280903932,-0.21906325237055913,-0.6784393138666114,-0.8050016858805287,-0.5535261667720761,-0.09157771660737571
-0.1818605355611315,-0.10083213797411565,-1.3626571399581904,-0.5730010617983812,0.2242041529538152,0.40525057036170026,-0.46488770329084356,1.3601479337382152,-0.21906325237055913,-0.6784393138666114,-0.8050016858805287,-0.5535261667720761,-0.09157771660737571
-0.18587147452580044,-1.1079094218790375,0.07102653046114095,-0.5730010617983812,0.2242041529538152,0.40525057036170026,-0.46488770329084356,-0.7338651280903932,-0.21906325237055913,-0.6784393138666114,-0.8050016858805287,1.8032844651871542,-0.09157771660737571
-0.18587147452580044,-0.11080320019099607,0.07102653046114095,-0.5730010617983812,-0.9285436145917447,0.40525057036170026,-0.46488770329084356,-0.7338651280903932,-0.21906325237055913,-0.6784393138666114,1.5162994718172922,1.8032844651871542,1.2218395347352515
-0.18587147452580044,-0.09086107575723523,0.07102653046114095,-0.5730010617983812,0.2242041529538152,0.40525057036170026,-0.46488770329084356,-0.7338651280903932,-0.21906325237055913,-0.6784393138666114,0.35564889296838165,-0.5535261667720761,-0.09157771660737571
-0.19790429141980723,-0.07590448243191461,1.5047102008804722,-0.5730010617983812,0.2242041529538152,0.40525057036170026,-0.46488770329084356,-0.7338651280903932,-0.21906325237055913,1.4712666515828257,-0.8050016858805287,-0.5535261667720761,-0.09157771660737571
-0.20191523038447615,-0.5993852488181364,0.07102653046114095,-0.5730010617983812,0.2242041529538152,0.40525057036170026,-0.46488770329084356,-0.7338651280903932,-0.21906325237055913,-0.6784393138666114,-0.8050016858805287,-0.5535261667720761,1.2218395347352515
-0.2219699252078208,-0.30025338231172394,0.07102653046114095,1.435266325212022,1.3769519204993752,0.40525057036170026,-0.46488770329084356,-0.7338651280903932,4.55651564930763,-0.6784393138666114,0.35564889296838165,-0.5535261667720761,-1.4049949679500031
-0.2219699252078208,-1.5939987049519577,2.221552036090138,-0.5730010617983812,0.2242041529538152,-2.463081388691893,-0.46488770329084356,1.3601479337382152,-0.21906325237055913,-0.6784393138666114,-0.8050016858805287,-0.5535261667720761,-0.09157771660737571
-0.2219699252078208,-0.5121384544204327,0.07102653046114095,-0.5730010617983812,-0.9285436145917447,0.40525057036170026,2.147110217260803,1.3601479337382152,-0.21906325237055913,-0.6784393138666114,1.5162994718172922,-0.5535261667720761,-0.09157771660737571
-0.2219699252078208,-0.7988064931557447,1.5047102008804722,-0.5730010617983812,0.2242041529538152,0.40525057036170026,-0.46488770329084356,-0.7338651280903932,-0.21906325237055913,-0.6784393138666114,1.5162994718172922,-0.5535261667720761,-1.4049949679500031
-0.2219699252078208,0.6719251838341165,1.5047102008804722,-0.5730010617983812,0.2242041529538152,0.40525057036170026,-0.46488770329084356,-0.7338651280903932,-0.21906325237055913,-0.6784393138666114,-0.8050016858805287,-0.5535261667720761,-0.09157771660737571
-0.2340027421018276,-0.5335762381867256,-1.3626571399581904,-0.5730010617983812,-0.9285436145917447,0.40525057036170026,-0.46488770329084356,1.3601479337382152,-0.21906325237055913,-0.6784393138666114,-0.8050016858805287,-0.5535261667720761,-1.4049949679500031
-0.24202462003116545,-0.350108693396126,-1.3626571399581904,-0.5730010617983812,-0.9285436145917447,0.40525057036170026,-0.46488770329084356,-0.7338651280903932,-0.21906325237055913,-0.6784393138666114,0.35564889296838165,-0.5535261667720761,-0.09157771660737571
-0.24202462003116545,2.6212678472342374,-1.3626571399581904,-0.5730010617983812,-0.9285436145917447,0.40525057036170026,-0.46488770329084356,-0.7338651280903932,-0.21906325237055913,-0.6784393138666114,0.35564889296838165,1.8032844651871542,-0.09157771660737571
-0.25806837588984116,-0.8486618042401467,0.07102653046114095,-0.5730010617983812,0.2242041529538152,0.40525057036170026,-0.46488770329084356,1.3601479337382152,-0.21906325237055913,-0.6784393138666114,1.5162994718172922,1.8032844651871542,-0.09157771660737571
-0.2620793148545101,0.6270554038581546,-1.3626571399581904,-0.5730010617983812,-0.9285436145917447,0.40525057036170026,-0.46488770329084356,-0.7338651280903932,-0.21906325237055913,-0.6784393138666114,-0.8050016858805287,-0.5535261667720761,-1.4049949679500031
-0.2620793148545101,0.6270554038581546,-1.3626571399581904,-0.5730010617983812,0.2242041529538152,0.40525057036170026,-0.46488770329084356,-0.7338651280903932,-0.21906325237055913,-0.6784393138666114,-0.8050016858805287,-0.5535261667720761,1.2218395347352515
-0.2620793148545101,-0.30025338231172394,-1.3626571399581904,-0.5730010617983812,-0.9285436145917447,0.40525057036170026,-0.46488770329084356,-0.7338651280903932,-0.21906325237055913,1.4712666515828257,1.5162994718172922,-0.5535261667720761,-1.4049949679500031
-0.2620793148545101,-1.4593893650240721,0.07102653046114095,-0.5730010617983812,0.2242041529538152,-2.463081388691893,2.147110217260803,1.3601479337382152,-0.21906325237055913,1.4712666515828257,-0.8050016858805287,-0.5535261667720761,1.2218395347352515
-0.2620793148545101,-0.37005081782988686,1.5047102008804722,-0.5730010617983812,0.2242041529538152,0.40525057036170026,-0.46488770329084356,-0.7338651280903932,-0.21906325237055913,-0.6784393138666114,-0.8050016858805287,-0.5535261667720761,-1.4049949679500031
-0.2620793148545101,1.3300152901482238,-1.3626571399581904,-0.5730010617983812,-0.9285436145917447,0.40525057036170026,-0.46488770329084356,-0.7338651280903932,-0.21906325237055913,-0.6784393138666114,0.35564889296838165,-0.5535261667720761,-1.4049949679500031
-0.28213400967785474,0.7716358060029206,0.07102653046114095,-0.5730010617983812,0.2242041529538152,0.40525057036170026,2.147110217260803,-0.7338651280903932,-0.21906325237055913,-0.6784393138666114,-0.8050016858805287,-0.5535261667720761,-0.09157771660737571
-0.28213400967785474,-1.1542748611875315,0.07102653046114095,-0.5730010617983812,-0.9285436145917447,0.40525057036170026,-0.46488770329084356,1.3601479337382152,-0.21906325237055913,-0.6784393138666114,-0.8050016858805287,1.8032844651871542,-1.4049949679500031
-0.3021887045011994,0.19829972853229677,0.07102653046114095,-0.5730010617983812,0.2242041529538152,0.40525057036170026,-0.46488770329084356,-0.7338651280903932,-0.21906325237055913,1.4712666515828257,-0.8050016858805287,-0.5535261667720761,1.2218395347352515
-0.3021887045011994,-0.03103470245595275,0.07102653046114095,-0.5730010617983812,0.2242041529538152,0.40525057036170026,-0.46488770329084356,1.3601479337382152,-0.21906325237055913,1.4712666515828257,-0.8050016858805287,-0.5535261667720761,1.2218395347352515
-0.3021887045011994,0.37279331732770404,-1.3626571399581904,-0.5730010617983812,-0.9285436145917447,0.40525057036170026,2.147110217260803,1.3601479337382152,-0.21906325237055913,-0.6784393138666114,1.5162994718172922,-0.5535261667720761,-0.09157771660737571
-0.3021887045011994,-1.2425187618069231,1.5047102008804722,3.443533712222425,0.2242041529538152,-2.463081388691893,-0.46488770329084356,-0.7338651280903932,-0.21906325237055913,-0.6784393138666114,-0.8050016858805287,-0.5535261667720761,-0.09157771660737571
-0.3021887045011994,-1.071515044787424,0.07102653046114095,-0.5730010617983812,0.2242041529538152,0.40525057036170026,-0.46488770329084356,1.3601479337382152,-0.21906325237055913,1.4712666515828257,-0.8050016858805287,-0.5535261667720761,1.2218395347352515
-0.3021887045011994,-1.1742169856212923,1.5047102008804722,1.435266325212022,0.2242041529538152,-2.463081388691893,-0.46488770329084356,-0.7338651280903932,-0.21906325237055913,-0.6784393138666114,-0.8050016858805287,-0.5535261667720761,-0.09157771660737571
-0.3021887045011994,-0.3451231622876858,-1.3626571399581904,-0.5730010617983812,-0.9285436145917447,-2.463081388691893,-0.46488770329084356,-0.7338651280903932,-0.21906325237055913,-0.6784393138666114,0.35564889296838165,-0.5535261667720761,1.2218395347352515
-0.3021887045011994,-0.5495299377337343,1.5047102008804722,1.435266325212022,0.2242041529538152,-2.463081388691893,-0.46488770329084356,-0.7338651280903932,-0.21906325237055913,-0.6784393138666114,-0.8050016858805287,-0.5535261667720761,-0.09157771660737571
-0.3021887045011994,-1.384606398397469,0.07102653046114095,-0.5730010617983812,0.2242041529538152,-2.463081388691893,-0.46488770329084356,-0.7338651280903932,-0.21906325237055913,-0.6784393138666114,-0.8050016858805287,-0.5535261667720761,-0.09157771660737571
-0.3021887045011994,-0.2503980712273219,0.07102653046114095,1.435266325212022,0.2242041529538152,0.40525057036170026,-0.46488770329084356,-0.7338651280903932,-0.21906325237055913,1.4712666515828257,0.35564889296838165,-0.5535261667720761,-0.09157771660737571
-0.3021887045011994,-0.7290090576375817,0.07102653046114095,1.435266325212022,0.2242041529538152,0.40525057036170026,-0.46488770329084356,1.3601479337382152,-0.21906325237055913,-0.6784393138666114,-0.8050016858805287,-0.5535261667720761,1.2218395347352515
-0.3021887045011994,0.347865661785503,0.07102653046114095,-0.5730010617983812,-0.9285436145917447,0.40525057036170026,-0.46488770329084356,-0.7338651280903932,4.55651564930763,-0.6784393138666114,1.5162994718172922,-0.5535261667720761,-0.09157771660737571
-0.3021887045011994,0.9461293947983278,0.07102653046114095,-0.5730010617983812,-0.9285436145917447,0.40525057036170026,-0.46488770329084356,-0.7338651280903932,-0.21906325237055913,-0.6784393138666114,2.6769500506662025,-0.5535261667720761,-1.4049949679500031
-0.3021887045011994,-0.5101442419770567,0.07102653046114095,-0.5730010617983812,1.3769519204993752,0.40525057036170026,-0.46488770329084356,-0.7338651280903932,-0.21906325237055913,-0.6784393138666114,-0.8050016858805287,-0.5535261667720761,-0.09157771660737571
-0.3021887045011994,-0.7888354309388642,0.07102653046114095,-0.5730010617983812,0.2242041529538152,0.40525057036170026,-0.46488770329084356,-0.7338651280903932,-0.21906325237055913,-0.6784393138666114,-0.8050016858805287,1.8032844651871542,-0.09157771660737571
-0.3021887045011994,-1.4743459583493927,0.07102653046114095,-0.5730010617983812,1.3769519204993752,0.40525057036170026,-0.46488770329084356,-0.7338651280903932,-0.21906325237055913,-0.6784393138666114,0.35564889296838165,1.8032844651871542,1.2218395347352515
-0.3021887045011994,-0.30025338231172394,0.07102653046114095,-0.5730010617983812,-0.9285436145917447,0.40525057036170026,-0.46488770329084356,1.3601479337382152,-0.21906325237055913,-0.6784393138666114,-0.8050016858805287,-0.5535261667720761,-1.4049949679500031
-0.3061996434658683,1.5693207833533538,0.07102653046114095,-0.5730010617983812,-0.9285436145917447,0.40525057036170026,-0.46488770329084356,1.3601479337382152,-0.21906325237055913,-0.6784393138666114,2.6769500506662025,-0.5535261667720761,-0.09157771660737571
-0.3061996434658683,-0.8237341486979457,0.07102653046114095,-0.5730010617983812,0.2242041529538152,0.40525057036170026,-0.46488770329084356,-0.7338651280903932,-0.21906325237055913,-0.6784393138666114,0.35564889296838165,-0.5535261667720761,-0.09157771660737571
-0.32224339932454404,-0.13074532462475688,0.07102653046114095,-0.5730010617983812,0.2242041529538152,0.40525057036170026,-0.46488770329084356,-0.7338651280903932,-0.21906325237055913,-0.6784393138666114,0.35564889296838165,-0.5535261667720761,-0.09157771660737571
-0.32224339932454404,-0.5096456888662126,0.07102653046114095,-0.5730010617983812,0.2242041529538152,0.40525057036170026,-0.46488770329084356,-0.7338651280903932,-0.21906325237055913,-0.6784393138666114,1.5162994718172922,-0.5535261667720761,-0.09157771660737571
-0.32224339932454404,-0.5265964946349093,0.07102653046114095,-0.5730010617983812,0.2242041529538152,0.40525057036170026,-0.46488770329084356,1.3601479337382152,-0.21906325237055913,-0.6784393138666114,0.35564889296838165,-0.5535261667720761,-0.09157771660737571
-0.3422980941478887,-0.2344443716803132,1.5047102008804722,-0.5730010617983812,0.2242041529538152,0.40525057036170026,-0.46488770329084356,-0.7338651280903932,-0.21906325237055913,1.4712666515828257,-0.8050016858805287,-0.5535261667720761,-0.09157771660737571
-0.3422980941478887,0.44009798729164684,0.07102653046114095,-0.5730010617983812,-0.9285436145917447,0.40525057036170026,-0.46488770329084356,1.3601479337382152,-0.21906325237055913,-0.6784393138666114,-0.8050016858805287,-0.5535261667720761,-0.09157771660737571
-0.3463090331125576,0.4774894706049484,-1.3626571399581904,-0.5730010617983812,-0.9285436145917447,0.40525057036170026,-0.46488770329084356,1.3601479337382152,-0.21906325237055913,-0.6784393138666114,0.35564889296838165,-0.5535261667720761,-0.09157771660737571
-0.36034731948889887,-0.7489511820713426,0.07102653046114095,-0.5730010617983812,-0.9285436145917447,0.40525057036170026,-0.46488770329084356,1.3601479337382152,-0.21906325237055913,1.4712666515828257,-0.8050016858805287,1.8032844651871542,-1.4049949679500031
-0.36235278897123335,-0.709066933203821,0.07102653046114095,1.435266325212022,0.2242041529538152,0.40525057036170026,-0.46488770329084356,-0.7338651280903932,-0.21906325237055913,-0.6784393138666114,-0.8050016858805287,-0.5535261667720761,-0.09157771660737571
-0.36235278897123335,-0.5295878132999735,-1.3626571399581904,-0.5730010617983812,0.2242041529538152,0.40525057036170026,-0.46488770329084356,-0.7338651280903932,-0.21906325237055913,-0.6784393138666114,0.35564889296838165,-0.5535261667720761,-0.09157771660737571
-0.36235278897123335,0.24815503961669885,-1.3626571399581904,-0.5730010617983812,-0.9285436145917447,0.40525057036170026,-0.46488770329084356,-0.7338651280903932,-0.21906325237055913,1.4712666515828257,-0.8050016858805287,-0.5535261667720761,-0.09157771660737571
-0.382407483794578,0.39772097286990504,1.5047102008804722,1.435266325212022,0.2242041529538152,-2.463081388691893,-0.46488770329084356,1.3601479337382152,-0.21906325237055913,-0.6784393138666114,0.35564889296838165,-0.5535261667720761,1.2218395347352515
-0.382407483794578,-0.054965251776465746,0.07102653046114095,1.435266325212022,0.2242041529538152,0.40525057036170026,-0.46488770329084356,-0.7338651280903932,-0.21906325237055913,-0.6784393138666114,1.5162994718172922,-0.5535261667720761,1.2218395347352515
-0.382407483794578,-0.38002188004676724,0.07102653046114095,-0.5730010617983812,-0.9285436145917447,0.40525057036170026,-0.46488770329084356,-0.7338651280903932,-0.21906325237055913,-0.6784393138666114,-0.8050016858805287,-0.5535261667720761,-0.09157771660737571
-0.382407483794578,-1.048083048577755,1.5047102008804722,-0.5730010617983812,1.3769519204993752,0.40525057036170026,-0.46488770329084356,1.3601479337382152,-0.21906325237055913,1.4712666515828257,1.5162994718172922,-0.5535261667720761,-0.09157771660737571
-0.382407483794578,-0.38999294226364767,0.07102653046114095,-0.5730010617983812,0.2242041529538152,0.40525057036170026,-0.46488770329084356,-0.7338651280903932,-0.21906325237055913,-0.6784393138666114,1.5162994718172922,1.8032844651871542,-1.4049949679500031
-0.40246217861792266,-0.733994588746022,0.07102653046114095,1.435266325212022,0.2242041529538152,0.40525057036170026,-0.46488770329084356,-0.7338651280903932,4.55651564930763,-0.6784393138666114,1.5162994718172922,-0.5535261667720761,-0.09157771660737571
-0.40246217861792266,-0.8187486175895055,0.07102653046114095,1.435266325212022,-0.9285436145917447,0.40525057036170026,-0.46488770329084356,1.3601479337382152,-0.21906325237055913,1.4712666515828257,0.35564889296838165,-0.5535261667720761,-1.4049949679500031
-0.40246217861792266,0.14844441744789472,0.07102653046114095,-0.5730010617983812,-0.9285436145917447,0.40525057036170026,-0.46488770329084356,-0.7338651280903932,-0.21906325237055913,-0.6784393138666114,2.6769500506662025,-0.5535261667720761,-0.09157771660737571
-0.412489526029595,-0.30025338231172394,0.07102653046114095,-0.5730010617983812,0.2242041529538152,-2.463081388691893,-0.46488770329084356,1.3601479337382152,-0.21906325237055913,1.4712666515828257,-0.8050016858805287,-0.5535261667720761,-0.09157771660737571
-0.412489526029595,-0.8187486175895055,1.5047102008804722,-0.5730010617983812,0.2242041529538152,0.40525057036170026,-0.46488770329084356,-0.7338651280903932,-0.21906325237055913,1.4712666515828257,-0.8050016858805287,-0.5535261667720761,-0.09157771660737571
-0.4225168734412673,-0.4996746266493322,1.5047102008804722,-0.5730010617983812,-0.9285436145917447,-2.463081388691893,-0.46488770329084356,1.3601479337382152,-0.21906325237055913,-0.6784393138666114,-0.8050016858805287,-0.5535261667720761,1.2218395347352515
-0.4225168734412673,0.6868817771594371,0.07102653046114095,-0.5730010617983812,0.2242041529538152,-2.463081388691893,-0.46488770329084356,-0.7338651280903932,-0.21906325237055913,1.4712666515828257,0.35564889296838165,-0.5535261667720761,-0.09157771660737571
-0.4225168734412673,-0.30025338231172394,0.07102653046114095,1.435266325212022,0.2242041529538152,-2.463081388691893,-0.46488770329084356,1.3601479337382152,-0.21906325237055913,1.4712666515828257,-0.8050016858805287,-0.5535261667720761,-0.09157771660737571
-0.4225168734412673,-0.5694720621674951,0.07102653046114095,-0.5730010617983812,0.2242041529538152,0.40525057036170026,-0.46488770329084356,-0.7338651280903932,-0.21906325237055913,-0.6784393138666114,-0.8050016858805287,-0.5535261667720761,-1.4049949679500031
-0.4225168734412673,-0.5246022821915333,-1.3626571399581904,-0.5730010617983812,0.2242041529538152,0.40525057036170026,2.147110217260803,1.3601479337382152,-0.21906325237055913,-0.6784393138666114,-0.8050016858805287,1.8032844651871542,1.2218395347352515
-0.4626262630879566,1.0757532036177733,0.07102653046114095,1.435266325212022,-0.9285436145917447,0.40525057036170026,2.147110217260803,1.3601479337382152,-0.21906325237055913,-0.6784393138666114,2.6769500506662025,-0.5535261667720761,-1.4049949679500031
-0.4626262630879566,0.19829972853229677,1.5047102008804722,-0.5730010617983812,0.2242041529538152,0.40525057036170026,2.147110217260803,1.3601479337382152,-0.21906325237055913,-0.6784393138666114,-0.8050016858805287,-0.5535261667720761,-0.09157771660737571
-0.4626262630879566,-1.048083048577755,0.07102653046114095,-0.5730010617983812,0.2242041529538152,0.40525057036170026,-0.46488770329084356,-0.7338651280903932,-0.21906325237055913,-0.6784393138666114,-0.8050016858805287,-0.5535261667720761,-0.09157771660737571
-0.4626262630879566,-0.903502646432989,-1.3626571399581904,-0.5730010617983812,-0.9285436145917447,0.40525057036170026,-0.46488770329084356,-0.7338651280903932,4.55651564930763,-0.6784393138666114,0.35564889296838165,-0.5535261667720761,-1.4049949679500031
-0.4626262630879566,-0.6412637101290342,-1.3626571399581904,-0.5730010617983812,-0.9285436145917447,0.40525057036170026,-0.46488770329084356,1.3601479337382152,-0.21906325237055913,1.4712666515828257,1.5162994718172922,-0.5535261667720761,-1.4049949679500031
-0.4626262630879566,1.4845667545098702,0.07102653046114095,-0.5730010617983812,-0.9285436145917447,0.40525057036170026,-0.46488770329084356,-0.7338651280903932,-0.21906325237055913,1.4712666515828257,1.5162994718172922,-0.5535261667720761,-0.09157771660737571
-0.4626262630879566,-1.4743459583493927,1.5047102008804722,1.435266325212022,-0.9285436145917447,0.40525057036170026,-0.46488770329084356,1.3601479337382152,-0.21906325237055913,-0.6784393138666114,-0.8050016858805287,1.8032844651871542,1.2218395347352515
-0.4826809579113013,-0.6592116221194189,-1.3626571399581904,-0.5730010617983812,0.2242041529538152,0.40525057036170026,2.147110217260803,1.3601479337382152,-0.21906325237055913,-0.6784393138666114,-0.8050016858805287,-0.5535261667720761,-0.09157771660737571
-0.4826809579113013,-0.9583434886258313,1.5047102008804722,1.435266325212022,0.2242041529538152,0.40525057036170026,-0.46488770329084356,-0.7338651280903932,-0.21906325237055913,-0.6784393138666114,-0.8050016858805287,-0.5535261667720761,-1.4049949679500031
-0.5027356527346459,0.09858910636349263,2.221552036090138,1.435266325212022,0.2242041529538152,0.40525057036170026,-0.46488770329084356,-0.7338651280903932,-0.21906325237055913,-0.6784393138666114,-0.8050016858805287,-0.5535261667720761,-0.09157771660737571
-0.5027356527346459,-0.9583434886258313,-1.3626571399581904,1.435266325212022,-0.9285436145917447,0.40525057036170026,-0.46488770329084356,1.3601479337382152,-0.21906325237055913,-0.6784393138666114,1.5162994718172922,-0.5535261667720761,-0.09157771660737571
-0.5027356527346459,1.021909467646619,0.07102653046114095,-0.5730010617983812,0.2242041529538152,0.40525057036170026,-0.46488770329084356,-0.7338651280903932,-0.21906325237055913,1.4712666515828257,-0.8050016858805287,-0.5535261667720761,-1.4049949679500031
-0.5027356527346459,-0.5096456888662126,-1.3626571399581904,-0.5730010617983812,-0.9285436145917447,0.40525057036170026,-0.46488770329084356,-0.7338651280903932,-0.21906325237055913,-0.6784393138666114,-0.8050016858805287,-0.5535261667720761,-0.09157771660737571
-0.5027356527346459,-0.6243129043603374,-1.3626571399581904,-0.5730010617983812,-0.9285436145917447,0.40525057036170026,-0.46488770329084356,-0.7338651280903932,-0.21906325237055913,-0.6784393138666114,-0.8050016858805287,-0.5535261667720761,-0.09157771660737571
-0.5027356527346459,-1.5391578627591154,0.07102653046114095,-0.5730010617983812,0.2242041529538152,0.40525057036170026,-0.46488770329084356,1.3601479337382152,-0.21906325237055913,-0.6784393138666114,-0.8050016858805287,1.8032844651871542,-0.09157771660737571
-0.5027356527346459,-1.458890811913228,-1.3626571399581904,-0.5730010617983812,0.2242041529538152,0.40525057036170026,2.147110217260803,-0.7338651280903932,-0.21906325237055913,-0.6784393138666114,-0.8050016858805287,1.8032844651871542,-0.09157771660737571
-0.5107575306639838,-0.8735894597823478,0.07102653046114095,-0.5730010617983812,0.2242041529538152,0.40525057036170026,-0.46488770329084356,-0.7338651280903932,-0.21906325237055913,-0.6784393138666114,-0.8050016858805287,-0.5535261667720761,1.2218395347352515
-0.5227903475579906,-0.9733000819511519,-1.3626571399581904,1.435266325212022,-0.9285436145917447,-2.463081388691893,-0.46488770329084356,1.3601479337382152,-0.21906325237055913,-0.6784393138666114,-0.8050016858805287,-0.5535261667720761,-0.09157771660737571
-0.5428450423813352,-0.14071638684163731,0.07102653046114095,-0.5730010617983812,0.2242041529538152,0.40525057036170026,-0.46488770329084356,-0.7338651280903932,-0.21906325237055913,-0.6784393138666114,-0.8050016858805287,-0.5535261667720761,-0.09157771660737571
-0.5428450423813352,-0.8386907420232663,-1.3626571399581904,-0.5730010617983812,0.2242041529538152,0.40525057036170026,-0.46488770329084356,-0.7338651280903932,4.55651564930763,-0.6784393138666114,0.35564889296838165,-0.5535261667720761,-0.09157771660737571
-0.5428450423813352,-0.7489511820713426,-1.3626571399581904,-0.5730010617983812,-0.9285436145917447,0.40525057036170026,-0.46488770329084356,-0.7338651280903932,-0.21906325237055913,-0.6784393138666114,-0.8050016858805287,-0.5535261667720761,-0.09157771660737571
-0.5428450423813352,0.3628222551108236,-1.3626571399581904,-0.5730010617983812,-0.9285436145917447,0.40525057036170026,-0.46488770329084356,-0.7338651280903932,-0.21906325237055913,-0.6784393138666114,1.5162994718172922,-0.5535261667720761,1.2218395347352515
-0.5428450423813352,-1.119874696539294,0.07102653046114095,-0.5730010617983812,1.3769519204993752,0.40525057036170026,-0.46488770329084356,-0.7338651280903932,-0.21906325237055913,-0.6784393138666114,-0.8050016858805287,1.8032844651871542,-1.4049949679500031
-0.5428450423813352,1.644103749979957,-1.3626571399581904,-0.5730010617983812,-0.9285436145917447,0.40525057036170026,-0.46488770329084356,-0.7338651280903932,-0.21906325237055913,-0.6784393138666114,0.35564889296838165,-0.5535261667720761,-1.4049949679500031
-0.5468559813460041,1.5693207833533538,0.07102653046114095,-0.5730010617983812,-0.9285436145917447,0.40525057036170026,-0.46488770329084356,-0.7338651280903932,-0.21906325237055913,-0.6784393138666114,1.5162994718172922,-0.5535261667720761,-1.4049949679500031
-0.5468559813460041,-1.287388541782885,2.221552036090138,1.435266325212022,-0.9285436145917447,-2.463081388691893,-0.46488770329084356,1.3601479337382152,-0.21906325237055913,1.4712666515828257,0.35564889296838165,-0.5535261667720761,-1.4049949679500031
-0.5468559813460041,0.9112306770392464,1.5047102008804722,-0.5730010617983812,0.2242041529538152,-2.463081388691893,-0.46488770329084356,-0.7338651280903932,-0.21906325237055913,-0.6784393138666114,0.35564889296838165,-0.5535261667720761,-1.4049949679500031
-0.5628997372046799,-0.8087775553726251,-1.3626571399581904,-0.5730010617983812,-0.9285436145917447,0.40525057036170026,-0.46488770329084356,-0.7338651280903932,-0.21906325237055913,-0.6784393138666114,-0.8050016858805287,1.8032844651871542,-0.09157771660737571
-0.5829544320280245,-0.7489511820713426,0.07102653046114095,-0.5730010617983812,-0.9285436145917447,0.40525057036170026,-0.46488770329084356,-0.7338651280903932,-0.21906325237055913,-0.6784393138666114,0.35564889296838165,-0.5535261667720761,1.2218395347352515
-0.5829544320280245,-0.5295878132999735,-1.3626571399581904,-0.5730010617983812,-0.9285436145917447,0.40525057036170026,-0.46488770329084356,-0.7338651280903932,-0.21906325237055913,-0.6784393138666114,-0.8050016858805287,-0.5535261667720761,-0.09157771660737571
-0.5829544320280245,0.45754734617118753,0.07102653046114095,-0.5730010617983812,-0.9285436145917447,0.40525057036170026,-0.46488770329084356,-0.7338651280903932,-0.21906325237055913,-0.6784393138666114,-0.8050016858805287,-0.5535261667720761,-0.09157771660737571
-0.5829544320280245,-0.5246022821915333,-1.3626571399581904,-0.5730010617983812,-0.9285436145917447,0.40525057036170026,-0.46488770329084356,-0.7338651280903932,-0.21906325237055913,-0.6784393138666114,-0.8050016858805287,-0.5535261667720761,-1.4049949679500031
-0.5829544320280245,-0.7569280318448469,-1.3626571399581904,-0.5730010617983812,-0.9285436145917447,0.40525057036170026,-0.46488770329084356,-0.7338651280903932,4.55651564930763,-0.6784393138666114,-0.8050016858805287,-0.5535261667720761,-0.09157771660737571
-0.5869653709926934,-0.9882566752764725,0.07102653046114095,-0.5730010617983812,0.2242041529538152,-2.463081388691893,-0.46488770329084356,1.3601479337382152,4.55651564930763,-0.6784393138666114,-0.8050016858805287,-0.5535261667720761,-0.09157771660737571
-0.5869653709926934,0.17337207299009574,-1.3626571399581904,-0.5730010617983812,-0.9285436145917447,0.40525057036170026,-0.46488770329084356,-0.7338651280903932,-0.21906325237055913,-0.6784393138666114,-0.8050016858805287,-0.5535261667720761,-1.4049949679500031
-0.6030091268513692,-0.733994588746022,-1.3626571399581904,-0.5730010617983812,-0.9285436145917447,0.40525057036170026,-0.46488770329084356,1.3601479337382152,-0.21906325237055913,-0.6784393138666114,-0.8050016858805287,-0.5535261667720761,-1.4049949679500031
-0.6030091268513692,-0.733994588746022,-1.3626571399581904,-0.5730010617983812,-0.9285436145917447,0.40525057036170026,-0.46488770329084356,-0.7338651280903932,-0.21906325237055913,1.4712666515828257,-0.8050016858805287,-0.5535261667720761,1.2218395347352515
-0.6030091268513692,0.2680971640504597,-1.3626571399581904,-0.5730010617983812,-0.9285436145917447,-2.463081388691893,-0.46488770329084356,-0.7338651280903932,-0.21906325237055913,-0.6784393138666114,-0.8050016858805287,-0.5535261667720761,-0.09157771660737571
-0.6030091268513692,-0.7489511820713426,-1.3626571399581904,-0.5730010617983812,-0.9285436145917447,0.40525057036170026,-0.46488770329084356,-0.7338651280903932,-0.21906325237055913,-0.6784393138666114,-0.8050016858805287,-0.5535261667720761,-1.4049949679500031
-0.6230638216747139,-0.4099350666974085,-1.3626571399581904,-0.5730010617983812,-0.9285436145917447,0.40525057036170026,-0.46488770329084356,-0.7338651280903932,-0.21906325237055913,1.4712666515828257,1.5162994718172922,-0.5535261667720761,-0.09157771660737571
-0.6230638216747139,-0.7639077753966632,0.07102653046114095,-0.5730010617983812,0.2242041529538152,0.40525057036170026,-0.46488770329084356,1.3601479337382152,-0.21906325237055913,-0.6784393138666114,-0.8050016858805287,-0.5535261667720761,-0.09157771660737571
-0.6230638216747139,-0.9583434886258313,0.07102653046114095,-0.5730010617983812,0.2242041529538152,-2.463081388691893,-0.46488770329084356,1.3601479337382152,-0.21906325237055913,-0.6784393138666114,-0.8050016858805287,-0.5535261667720761,-0.09157771660737571
-0.6230638216747139,-1.048083048577755,-1.3626571399581904,-0.5730010617983812,0.2242041529538152,0.40525057036170026,-0.46488770329084356,-0.7338651280903932,-0.21906325237055913,1.4712666515828257,-0.8050016858805287,-0.5535261667720761,-1.4049949679500031
-0.6230638216747139,-0.7888354309388642,-1.3626571399581904,1.435266325212022,-0.9285436145917447,0.40525057036170026,-0.46488770329084356,1.3601479337382152,-0.21906325237055913,-0.6784393138666114,-0.8050016858805287,-0.5535261667720761,-0.09157771660737571
-0.6230638216747139,0.4276341595205463,0.07102653046114095,-0.5730010617983812,0.2242041529538152,0.40525057036170026,2.147110217260803,1.3601479337382152,-0.21906325237055913,-0.6784393138666114,-0.8050016858805287,-0.5535261667720761,1.2218395347352515
-0.6230638216747139,-0.4847180333240116,0.07102653046114095,1.435266325212022,0.2242041529538152,0.40525057036170026,-0.46488770329084356,-0.7338651280903932,-0.21906325237055913,-0.6784393138666114,1.5162994718172922,-0.5535261667720761,-0.09157771660737571
-0.6230638216747139,-1.1228660152043581,0.07102653046114095,1.435266325212022,0.2242041529538152,-2.463081388691893,-0.46488770329084356,1.3601479337382152,-0.21906325237055913,-0.6784393138666114,-0.8050016858805287,1.8032844651871542,1.2218395347352515
-0.6230638216747139,-1.4095340539396701,0.07102653046114095,-0.5730010617983812,1.3769519204993752,0.40525057036170026,-0.46488770329084356,-0.7338651280903932,4.55651564930763,1.4712666515828257,-0.8050016858805287,1.8032844651871542,-0.09157771660737571
-0.6270747606393827,-0.7888354309388642,0.07102653046114095,-0.5730010617983812,-0.9285436145917447,0.40525057036170026,-0.46488770329084356,-0.7338651280903932,-0.21906325237055913,-0.6784393138666114,1.5162994718172922,1.8032844651871542,1.2218395347352515
-0.6431185164980585,-0.30025338231172394,-1.3626571399581904,-0.5730010617983812,-0.9285436145917447,0.40525057036170026,-0.46488770329084356,-0.7338651280903932,-0.21906325237055913,-0.6784393138666114,-0.8050016858805287,-0.5535261667720761,-0.09157771660737571
-0.6431185164980585,-0.5495299377337343,-1.3626571399581904,-0.5730010617983812,-0.9285436145917447,0.40525057036170026,-0.46488770329084356,-0.7338651280903932,-0.21906325237055913,-0.6784393138666114,-0.8050016858805287,1.8032844651871542,-0.09157771660737571
-0.663173211321403,-0.9733000819511519,0.07102653046114095,-0.5730010617983812,0.2242041529538152,0.40525057036170026,-0.46488770329084356,1.3601479337382152,-0.21906325237055913,-0.6784393138666114,-0.8050016858805287,-0.5535261667720761,-1.4049949679500031
-0.663173211321403,-0.30025338231172394,1.5047102008804722,1.435266325212022,0.2242041529538152,0.40525057036170026,-0.46488770329084356,1.3601479337382152,-0.21906325237055913,-0.6784393138666114,1.5162994718172922,-0.5535261667720761,-1.4049949679500031
-0.663173211321403,-0.30025338231172394,-1.3626571399581904,-0.5730010617983812,-0.9285436145917447,-2.463081388691893,-0.46488770329084356,-0.7338651280903932,-0.21906325237055913,-0.6784393138666114,-0.8050016858805287,-0.5535261667720761,-1.4049949679500031
-0.663173211321403,-0.7290090576375817,-1.3626571399581904,-0.5730010617983812,-0.9285436145917447,0.40525057036170026,-0.46488770329084356,-0.7338651280903932,-0.21906325237055913,-0.6784393138666114,-0.8050016858805287,-0.5535261667720761,1.2218395347352515
-0.6832279061447477,-0.6243129043603374,0.07102653046114095,-0.5730010617983812,-0.9285436145917447,0.40525057036170026,-0.46488770329084356,-0.7338651280903932,-0.21906325237055913,-0.6784393138666114,1.5162994718172922,-0.5535261667720761,1.2218395347352515
-0.7032826009680924,-0.42987719113116934,0.07102653046114095,-0.5730010617983812,0.2242041529538152,0.40525057036170026,-0.46488770329084356,-0.7338651280903932,-0.21906325237055913,1.4712666515828257,-0.8050016858805287,-0.5535261667720761,-0.09157771660737571
-0.7032826009680924,-0.7240235265291416,0.07102653046114095,-0.5730010617983812,0.2242041529538152,0.40525057036170026,-0.46488770329084356,-0.7338651280903932,-0.21906325237055913,-0.6784393138666114,-0.8050016858805287,-0.5535261667720761,1.2218395347352515
-0.7032826009680924,-0.2503980712273219,1.5047102008804722,-0.5730010617983812,0.2242041529538152,0.40525057036170026,-0.46488770329084356,-0.7338651280903932,-0.21906325237055913,-0.6784393138666114,-0.8050016858805287,-0.5535261667720761,-0.09157771660737571
-0.7032826009680924,-1.4793314894578329,0.07102653046114095,1.435266325212022,0.2242041529538152,-2.463081388691893,-0.46488770329084356,-0.7338651280903932,-0.21906325237055913,-0.6784393138666114,-0.8050016858805287,-0.5535261667720761,1.2218395347352515
-0.7032826009680924,-1.0301351365873703,0.07102653046114095,-0.5730010617983812,0.2242041529538152,0.40525057036170026,-0.46488770329084356,1.3601479337382152,-0.21906325237055913,-0.6784393138666114,-0.8050016858805287,-0.5535261667720761,-0.09157771660737571
-0.7032826009680924,-0.5545154688421745,0.07102653046114095,-0.5730010617983812,0.2242041529538152,0.40525057036170026,-0.46488770329084356,-0.7338651280903932,-0.21906325237055913,-0.6784393138666114,-0.8050016858805287,-0.5535261667720761,-0.09157771660737571
-0.7032826009680924,1.1575159137961926,0.07102653046114095,-0.5730010617983812,-0.9285436145917447,-2.463081388691893,-0.46488770329084356,-0.7338651280903932,-0.21906325237055913,-0.6784393138666114,-0.8050016858805287,-0.5535261667720761,1.2218395347352515
-0.7032826009680924,-0.8087775553726251,0.07102653046114095,-0.5730010617983812,-0.9285436145917447,-2.463081388691893,-0.46488770329084356,-0.7338651280903932,-0.21906325237055913,1.4712666515828257,-0.8050016858805287,-0.5535261667720761,1.2218395347352515
-0.7032826009680924,-0.7489511820713426,2.221552036090138,-0.5730010617983812,0.2242041529538152,0.40525057036170026,-0.46488770329084356,-0.7338651280903932,-0.21906325237055913,-0.6784393138666114,0.35564889296838165,-0.5535261667720761,1.2218395347352515
-0.7032826009680924,-0.7290090576375817,-1.3626571399581904,-0.5730010617983812,-0.9285436145917447,0.40525057036170026,-0.46488770329084356,-0.7338651280903932,-0.21906325237055913,-0.6784393138666114,0.35564889296838165,-0.5535261667720761,-0.09157771660737571
-0.7032826009680924,0.39772097286990504,-1.3626571399581904,-0.5730010617983812,-0.9285436145917447,0.40525057036170026,-0.46488770329084356,-0.7338651280903932,-0.21906325237055913,-0.6784393138666114,0.35564889296838165,-0.5535261667720761,-1.4049949679500031
-0.7032826009680924,-0.9882566752764725,0.07102653046114095,-0.5730010617983812,0.2242041529538152,0.40525057036170026,-0.46488770329084356,-0.7338651280903932,-0.21906325237055913,-0.6784393138666114,0.35564889296838165,-0.5535261667720761,1.2218395347352515
-0.7032826009680924,1.1206229835937351,-1.3626571399581904,-0.5730010617983812,-0.9285436145917447,0.40525057036170026,-0.46488770329084356,-0.7338651280903932,-0.21906325237055913,-0.6784393138666114,0.35564889296838165,-0.5535261667720761,-0.09157771660737571
-0.7032826009680924,-0.7928238558256164,-1.3626571399581904,-0.5730010617983812,-0.9285436145917447,0.40525057036170026,-0.46488770329084356,-0.7338651280903932,-0.21906325237055913,-0.6784393138666114,0.35564889296838165,1.8032844651871542,1.2218395347352515
-0.7032826009680924,2.1925121719083798,0.07102653046114095,-0.5730010617983812,0.2242041529538152,0.40525057036170026,-0.46488770329084356,-0.7338651280903932,-0.21906325237055913,-0.6784393138666114,2.6769500506662025,1.8032844651871542,1.2218395347352515
-0.7032826009680924,0.38774991065302467,-1.3626571399581904,-0.5730010617983812,-0.9285436145917447,0.40525057036170026,-0.46488770329084356,-0.7338651280903932,-0.21906325237055913,-0.6784393138666114,-0.8050016858805287,-0.5535261667720761,1.2218395347352515
-0.7032826009680924,2.6910652827524,0.07102653046114095,-0.5730010617983812,-0.9285436145917447,0.40525057036170026,-0.46488770329084356,-0.7338651280903932,-0.21906325237055913,-0.6784393138666114,-0.8050016858805287,-0.5535261667720761,1.2218395347352515
-0.7072935399327613,-0.10083213797411565,0.07102653046114095,-0.5730010617983812,0.2242041529538152,-2.463081388691893,-0.46488770329084356,-0.7338651280903932,-0.21906325237055913,-0.6784393138666114,-0.8050016858805287,-0.5535261667720761,1.2218395347352515
-0.723337295791437,-1.0181698619271138,0.07102653046114095,-0.5730010617983812,-0.9285436145917447,0.40525057036170026,-0.46488770329084356,-0.7338651280903932,-0.21906325237055913,-0.6784393138666114,-0.8050016858805287,-0.5535261667720761,1.2218395347352515
-0.723337295791437,0.10856016858037305,-1.3626571399581904,-0.5730010617983812,-0.9285436145917447,0.40525057036170026,-0.46488770329084356,-0.7338651280903932,-0.21906325237055913,-0.6784393138666114,0.35564889296838165,1.8032844651871542,1.2218395347352515
-0.723337295791437,-1.4743459583493927,0.07102653046114095,-0.5730010617983812,1.3769519204993752,0.40525057036170026,-0.46488770329084356,-0.7338651280903932,-0.21906325237055913,-0.6784393138666114,-0.8050016858805287,1.8032844651871542,-1.4049949679500031
-0.7433919906147817,-0.5495299377337343,-1.3626571399581904,-0.5730010617983812,-0.9285436145917447,0.40525057036170026,-0.46488770329084356,-0.7338651280903932,-0.21906325237055913,-0.6784393138666114,-0.8050016858805287,-0.5535261667720761,1.2218395347352515
-0.7433919906147817,-0.9558507230716112,-1.3626571399581904,-0.5730010617983812,-0.9285436145917447,0.40525057036170026,-0.46488770329084356,-0.7338651280903932,-0.21906325237055913,-0.6784393138666114,1.5162994718172922,-0.5535261667720761,1.2218395347352515
-0.7433919906147817,-0.6243129043603374,0.07102653046114095,-0.5730010617983812,-0.9285436145917447,0.40525057036170026,-0.46488770329084356,-0.7338651280903932,-0.21906325237055913,-0.6784393138666114,-0.8050016858805287,-0.5535261667720761,1.2218395347352515
-0.7433919906147817,-1.4743459583493927,0.07102653046114095,-0.5730010617983812,1.3769519204993752,0.40525057036170026,-0.46488770329084356,-0.7338651280903932,-0.21906325237055913,-0.6784393138666114,-0.8050016858805287,1.8032844651871542,-1.4049949679500031
-0.7433919906147817,-1.2425187618069231,0.07102653046114095,-0.5730010617983812,0.2242041529538152,0.40525057036170026,-0.46488770329084356,1.3601479337382152,-0.21906325237055913,-0.6784393138666114,-0.8050016858805287,1.8032844651871542,1.2218395347352515
-0.7433919906147817,-1.5715638149639768,0.07102653046114095,1.435266325212022,0.2242041529538152,0.40525057036170026,-0.46488770329084356,1.3601479337382152,-0.21906325237055913,-0.6784393138666114,-0.8050016858805287,1.8032844651871542,1.2218395347352515
-0.7474029295794506,-0.5295878132999735,-1.3626571399581904,-0.5730010617983812,-0.9285436145917447,0.40525057036170026,-0.46488770329084356,-0.7338651280903932,-0.21906325237055913,-0.6784393138666114,-0.8050016858805287,-0.5535261667720761,1.2218395347352515
-0.7634466854381263,-0.15816574572117803,0.07102653046114095,-0.5730010617983812,0.2242041529538152,0.40525057036170026,2.147110217260803,1.3601479337382152,-0.21906325237055913,1.4712666515828257,0.35564889296838165,-0.5535261667720761,-1.4049949679500031
-0.7634466854381263,-0.8237341486979457,0.07102653046114095,-0.5730010617983812,-0.9285436145917447,0.40525057036170026,-0.46488770329084356,1.3601479337382152,-0.21906325237055913,-0.6784393138666114,1.5162994718172922,-0.5535261667720761,1.2218395347352515
-0.7634466854381263,-0.7290090576375817,-1.3626571399581904,-0.5730010617983812,-0.9285436145917447,0.40525057036170026,-0.46488770329084356,-0.7338651280903932,-0.21906325237055913,-0.6784393138666114,-0.8050016858805287,-0.5535261667720761,-1.4049949679500031
-0.783501380261471,-0.7988064931557447,1.5047102008804722,-0.5730010617983812,0.2242041529538152,0.40525057036170026,-0.46488770329084356,-0.7338651280903932,-0.21906325237055913,1.4712666515828257,1.5162994718172922,-0.5535261667720761,1.2218395347352515
-0.783501380261471,-0.07091895132347441,1.5047102008804722,-0.5730010617983812,1.3769519204993752,-2.463081388691893,-0.46488770329084356,-0.7338651280903932,-0.21906325237055913,-0.6784393138666114,-0.8050016858805287,-0.5535261667720761,-0.09157771660737571
-0.783501380261471,-0.48970356443245183,-1.3626571399581904,-0.5730010617983812,0.2242041529538152,0.40525057036170026,-0.46488770329084356,-0.7338651280903932,-0.21906325237055913,-0.6784393138666114,-0.8050016858805287,-0.5535261667720761,1.2218395347352515
-0.783501380261471,-0.17561510460071875,-1.3626571399581904,-0.5730010617983812,-0.9285436145917447,0.40525057036170026,-0.46488770329084356,-0.7338651280903932,-0.21906325237055913,-0.6784393138666114,-0.8050016858805287,-0.5535261667720761,1.2218395347352515
-0.783501380261471,-0.6891248087700601,-1.3626571399581904,-0.5730010617983812,-0.9285436145917447,-2.463081388691893,-0.46488770329084356,-0.7338651280903932,-0.21906325237055913,1.4712666515828257,-0.8050016858805287,-0.5535261667720761,1.2218395347352515
-0.783501380261471,-0.6741682154447395,0.07102653046114095,-0.5730010617983812,-0.9285436145917447,0.40525057036170026,-0.46488770329084356,-0.7338651280903932,-0.21906325237055913,-0.6784393138666114,-0.8050016858805287,-0.5535261667720761,1.2218395347352515
-0.783501380261471,-0.9982277374933529,0.07102653046114095,-0.5730010617983812,0.2242041529538152,-2.463081388691893,-0.46488770329084356,1.3601479337382152,-0.21906325237055913,-0.6784393138666114,-0.8050016858805287,-0.5535261667720761,-0.09157771660737571
-0.783501380261471,-0.9558507230716112,-1.3626571399581904,-0.5730010617983812,-0.9285436145917447,0.40525057036170026,-0.46488770329084356,1.3601479337382152,-0.21906325237055913,-0.6784393138666114,1.5162994718172922,-0.5535261667720761,-1.4049949679500031
-0.78751231922614,-1.1976489818309612,0.07102653046114095,-0.5730010617983812,-0.9285436145917447,-2.463081388691893,-0.46488770329084356,-0.7338651280903932,-0.21906325237055913,-0.6784393138666114,-0.8050016858805287,-0.5535261667720761,-1.4049949679500031
-0.7995451361201468,-1.4743459583493927,0.07102653046114095,-0.5730010617983812,0.2242041529538152,0.40525057036170026,-0.46488770329084356,1.3601479337382152,-0.21906325237055913,-0.6784393138666114,-0.8050016858805287,1.8032844651871542,-1.4049949679500031
-0.8035560750848156,-0.5295878132999735,-1.3626571399581904,-0.5730010617983812,-0.9285436145917447,0.40525057036170026,-0.46488770329084356,-0.7338651280903932,-0.21906325237055913,-0.6784393138666114,0.35564889296838165,-0.5535261667720761,1.2218395347352515
-0.8035560750848156,-0.16315127682961825,1.5047102008804722,-0.5730010617983812,0.2242041529538152,0.40525057036170026,-0.46488770329084356,-0.7338651280903932,-0.21906325237055913,-0.6784393138666114,-0.8050016858805287,-0.5535261667720761,1.2218395347352515
-0.8236107699081603,-1.2973596039997655,-1.3626571399581904,-0.5730010617983812,-0.9285436145917447,-2.463081388691893,-0.46488770329084356,-0.7338651280903932,-0.21906325237055913,1.4712666515828257,-0.8050016858805287,-0.5535261667720761,1.2218395347352515
-0.8236107699081603,-0.9583434886258313,1.5047102008804722,-0.5730010617983812,0.2242041529538152,0.40525057036170026,-0.46488770329084356,1.3601479337382152,-0.21906325237055913,1.4712666515828257,-0.8050016858805287,-0.5535261667720761,1.2218395347352515
-0.8236107699081603,0.4774894706049484,0.07102653046114095,-0.5730010617983812,-0.9285436145917447,0.40525057036170026,2.147110217260803,1.3601479337382152,-0.21906325237055913,-0.6784393138666114,-0.8050016858805287,-0.5535261667720761,-1.4049949679500031
-0.8236107699081603,-0.8087775553726251,1.5047102008804722,-0.5730010617983812,0.2242041529538152,-2.463081388691893,-0.46488770329084356,-0.7338651280903932,-0.21906325237055913,-0.6784393138666114,0.35564889296838165,-0.5535261667720761,-0.09157771660737571
-0.8236107699081603,-0.6532289847892906,1.5047102008804722,-0.5730010617983812,0.2242041529538152,0.40525057036170026,-0.46488770329084356,-0.7338651280903932,-0.21906325237055913,-0.6784393138666114,-0.8050016858805287,-0.5535261667720761,-0.09157771660737571
-0.8236107699081603,-0.5295878132999735,-1.3626571399581904,-0.5730010617983812,-0.9285436145917447,0.40525057036170026,-0.46488770329084356,-0.7338651280903932,-0.21906325237055913,-0.6784393138666114,-0.8050016858805287,-0.5535261667720761,1.2218395347352515
-0.8236107699081603,-1.4743459583493927,0.07102653046114095,-0.5730010617983812,0.2242041529538152,0.40525057036170026,-0.46488770329084356,1.3601479337382152,-0.21906325237055913,-0.6784393138666114,-0.8050016858805287,1.8032844651871542,-1.4049949679500031
-0.8236107699081603,0.38774991065302467,0.07102653046114095,-0.5730010617983812,-0.9285436145917447,0.40525057036170026,-0.46488770329084356,-0.7338651280903932,-0.21906325237055913,-0.6784393138666114,0.35564889296838165,-0.5535261667720761,1.2218395347352515
-0.8436654647315049,-0.30025338231172394,-1.3626571399581904,-0.5730010617983812,-0.9285436145917447,-2.463081388691893,-0.46488770329084356,-0.7338651280903932,-0.21906325237055913,-0.6784393138666114,-0.8050016858805287,-0.5535261667720761,-0.09157771660737571
-0.8436654647315049,-0.5844286554928158,-1.3626571399581904,-0.5730010617983812,-0.9285436145917447,-2.463081388691893,-0.46488770329084356,-0.7338651280903932,-0.21906325237055913,-0.6784393138666114,-0.8050016858805287,-0.5535261667720761,1.2218395347352515
-0.8556982816255118,-0.7290090576375817,1.5047102008804722,-0.5730010617983812,0.2242041529538152,0.40525057036170026,-0.46488770329084356,1.3601479337382152,-0.21906325237055913,-0.6784393138666114,-0.8050016858805287,-0.5535261667720761,1.2218395347352515
-0.8637201595548496,-0.3650652867214466,0.07102653046114095,-0.5730010617983812,0.2242041529538152,0.40525057036170026,-0.46488770329084356,-0.7338651280903932,-0.21906325237055913,-0.6784393138666114,-0.8050016858805287,-0.5535261667720761,1.2218395347352515
-0.8637201595548496,-1.2056258316044655,-1.3626571399581904,-0.5730010617983812,-0.9285436145917447,0.40525057036170026,-0.46488770329084356,-0.7338651280903932,-0.21906325237055913,1.4712666515828257,0.35564889296838165,-0.5535261667720761,1.2218395347352515
-0.8637201595548496,-0.38999294226364767,0.07102653046114095,-0.5730010617983812,-0.9285436145917447,-2.463081388691893,-0.46488770329084356,-0.7338651280903932,-0.21906325237055913,-0.6784393138666114,0.35564889296838165,-0.5535261667720761,1.2218395347352515
-0.8637201595548496,-0.9882566752764725,0.07102653046114095,-0.5730010617983812,0.2242041529538152,-2.463081388691893,-0.46488770329084356,-0.7338651280903932,-0.21906325237055913,-0.6784393138666114,-0.8050016858805287,-0.5535261667720761,-1.4049949679500031
-0.9038295492015389,-0.8237341486979457,-2.796340810377522,-0.5730010617983812,-0.9285436145917447,0.40525057036170026,-0.46488770329084356,-0.7338651280903932,-0.21906325237055913,-0.6784393138666114,-0.8050016858805287,-0.5535261667720761,-1.4049949679500031
-0.9038295492015389,-0.5565096812855506,-1.3626571399581904,1.435266325212022,-0.9285436145917447,-2.463081388691893,2.147110217260803,1.3601479337382152,-0.21906325237055913,-0.6784393138666114,0.35564889296838165,-0.5535261667720761,1.2218395347352515
-0.9038295492015389,-0.7988064931557447,-1.3626571399581904,-0.5730010617983812,-0.9285436145917447,-2.463081388691893,-0.46488770329084356,1.3601479337382152,-0.21906325237055913,-0.6784393138666114,-0.8050016858805287,-0.5535261667720761,-0.09157771660737571
-0.9038295492015389,-0.5021673922035523,-1.3626571399581904,-0.5730010617983812,-0.9285436145917447,0.40525057036170026,-0.46488770329084356,-0.7338651280903932,-0.21906325237055913,-0.6784393138666114,1.5162994718172922,-0.5535261667720761,-0.09157771660737571
-0.9038295492015389,-1.721129748217183,0.07102653046114095,-0.5730010617983812,0.2242041529538152,-2.463081388691893,-0.46488770329084356,1.3601479337382152,-0.21906325237055913,-0.6784393138666114,-0.8050016858805287,-0.5535261667720761,1.2218395347352515
-0.9038295492015389,-0.8237341486979457,0.07102653046114095,-0.5730010617983812,0.2242041529538152,0.40525057036170026,-0.46488770329084356,1.3601479337382152,-0.21906325237055913,-0.6784393138666114,-0.8050016858805287,-0.5535261667720761,-0.09157771660737571
-0.9038295492015389,0.8214911170873227,-1.3626571399581904,-0.5730010617983812,-0.9285436145917447,0.40525057036170026,-0.46488770329084356,-0.7338651280903932,-0.21906325237055913,-0.6784393138666114,-0.8050016858805287,-0.5535261667720761,-0.09157771660737571
-0.9038295492015389,1.9432356164863693,0.07102653046114095,-0.5730010617983812,0.2242041529538152,0.40525057036170026,-0.46488770329084356,-0.7338651280903932,-0.21906325237055913,-0.6784393138666114,1.5162994718172922,-0.5535261667720761,-0.09157771660737571
-0.9038295492015389,-1.0136828839295176,-1.3626571399581904,-0.5730010617983812,-0.9285436145917447,0.40525057036170026,-0.46488770329084356,-0.7338651280903932,-0.21906325237055913,-0.6784393138666114,0.35564889296838165,-0.5535261667720761,1.2218395347352515
-0.9078404881662079,-0.30025338231172394,0.07102653046114095,-0.5730010617983812,0.2242041529538152,0.40525057036170026,-0.46488770329084356,-0.7338651280903932,-0.21906325237055913,1.4712666515828257,-0.8050016858805287,-0.5535261667720761,1.2218395347352515
-0.9158623660955457,0.19580696297807668,0.07102653046114095,-0.5730010617983812,-0.9285436145917447,0.40525057036170026,-0.46488770329084356,1.3601479337382152,-0.21906325237055913,-0.6784393138666114,-0.8050016858805287,-0.5535261667720761,1.2218395347352515
-0.9216782275943156,-1.3482120213058555,0.07102653046114095,-0.5730010617983812,-0.9285436145917447,0.40525057036170026,-0.46488770329084356,-0.7338651280903932,-0.21906325237055913,-0.6784393138666114,-0.8050016858805287,1.8032844651871542,-0.09157771660737571
-0.9238842440248836,-1.048083048577755,0.07102653046114095,-0.5730010617983812,-0.9285436145917447,-2.463081388691893,-0.46488770329084356,-0.7338651280903932,-0.21906325237055913,1.4712666515828257,-0.8050016858805287,-0.5535261667720761,1.2218395347352515
-0.9238842440248836,-0.6243129043603374,0.07102653046114095,-0.5730010617983812,0.2242041529538152,0.40525057036170026,-0.46488770329084356,-0.7338651280903932,-0.21906325237055913,-0.6784393138666114,-0.8050016858805287,-0.5535261667720761,1.2218395347352515
-0.9238842440248836,-0.7988064931557447,-1.3626571399581904,-0.5730010617983812,-0.9285436145917447,0.40525057036170026,-0.46488770329084356,-0.7338651280903932,-0.21906325237055913,-0.6784393138666114,-0.8050016858805287,-0.5535261667720761,1.2218395347352515
-0.9399279998835592,1.4945378167267507,-1.3626571399581904,-0.5730010617983812,-0.9285436145917447,0.40525057036170026,-0.46488770329084356,-0.7338651280903932,-0.21906325237055913,-0.6784393138666114,0.35564889296838165,-0.5535261667720761,1.2218395347352515
-0.9439389388482282,-0.07091895132347441,-1.3626571399581904,-0.5730010617983812,-0.9285436145917447,0.40525057036170026,-0.46488770329084356,1.3601479337382152,-0.21906325237055913,1.4712666515828257,-0.8050016858805287,-0.5535261667720761,1.2218395347352515
-0.9439389388482282,-1.4668676616867324,0.07102653046114095,-0.5730010617983812,0.2242041529538152,-2.463081388691893,-0.46488770329084356,1.3601479337382152,-0.21906325237055913,-0.6784393138666114,-0.8050016858805287,-0.5535261667720761,-0.09157771660737571
-0.9439389388482282,-1.0032132686017932,-1.3626571399581904,-0.5730010617983812,-0.9285436145917447,0.40525057036170026,2.147110217260803,1.3601479337382152,-0.21906325237055913,-0.6784393138666114,-0.8050016858805287,-0.5535261667720761,1.2218395347352515
-0.9439389388482282,-0.30025338231172394,-1.3626571399581904,-0.5730010617983812,0.2242041529538152,0.40525057036170026,-0.46488770329084356,-0.7338651280903932,4.55651564930763,-0.6784393138666114,0.35564889296838165,-0.5535261667720761,-0.09157771660737571
-0.9639936336715729,-0.6492405599025385,-1.3626571399581904,-0.5730010617983812,-0.9285436145917447,0.40525057036170026,-0.46488770329084356,-0.7338651280903932,-0.21906325237055913,-0.6784393138666114,-0.8050016858805287,-0.5535261667720761,1.2218395347352515
-0.9840483284949175,-1.0032132686017932,0.07102653046114095,-0.5730010617983812,0.2242041529538152,-2.463081388691893,-0.46488770329084356,-0.7338651280903932,-0.21906325237055913,-0.6784393138666114,-0.8050016858805287,-0.5535261667720761,-0.09157771660737571
-0.9840483284949175,-0.92843030197519,0.07102653046114095,-0.5730010617983812,0.2242041529538152,0.40525057036170026,-0.46488770329084356,-0.7338651280903932,-0.21906325237055913,-0.6784393138666114,1.5162994718172922,-0.5535261667720761,-0.09157771660737571
-0.9840483284949175,-1.1303443118670184,-1.3626571399581904,-0.5730010617983812,-0.9285436145917447,0.40525057036170026,-0.46488770329084356,-0.7338651280903932,-0.21906325237055913,-0.6784393138666114,-0.8050016858805287,-0.5535261667720761,-0.09157771660737571
-0.9840483284949175,-0.2503980712273219,-1.3626571399581904,-0.5730010617983812,-0.9285436145917447,0.40525057036170026,-0.46488770329084356,-0.7338651280903932,-0.21906325237055913,-0.6784393138666114,-0.8050016858805287,-0.5535261667720761,-1.4049949679500031
-0.9840483284949175,-0.013086790465568003,0.07102653046114095,-0.5730010617983812,-0.9285436145917447,-2.463081388691893,-0.46488770329084356,-0.7338651280903932,-0.21906325237055913,-0.6784393138666114,-0.8050016858805287,-0.5535261667720761,1.2218395347352515
-0.9840483284949175,-0.6741682154447395,0.07102653046114095,-0.5730010617983812,0.2242041529538152,0.40525057036170026,-0.46488770329084356,-0.7338651280903932,-0.21906325237055913,-0.6784393138666114,-0.8050016858805287,-0.5535261667720761,1.2218395347352515
-0.9840483284949175,-0.733994588746022,1.5047102008804722,-0.5730010617983812,0.2242041529538152,0.40525057036170026,-0.46488770329084356,-0.7338651280903932,-0.21906325237055913,-0.6784393138666114,2.6769500506662025,-0.5535261667720761,-0.09157771660737571
-0.9880592674595865,1.4696101611845496,-1.3626571399581904,-0.5730010617983812,-0.9285436145917447,0.40525057036170026,-0.46488770329084356,-0.7338651280903932,-0.21906325237055913,-0.6784393138666114,-0.8050016858805287,-0.5535261667720761,1.2218395347352515
-1.0041030233182622,-0.374039242716639,1.5047102008804722,-0.5730010617983812,0.2242041529538152,-2.463081388691893,-0.46488770329084356,-0.7338651280903932,-0.21906325237055913,-0.6784393138666114,0.35564889296838165,-0.5535261667720761,1.2218395347352515
-1.0121249012476001,-1.048083048577755,-1.3626571399581904,-0.5730010617983812,0.2242041529538152,0.40525057036170026,-0.46488770329084356,-0.7338651280903932,-0.21906325237055913,-0.6784393138666114,-0.8050016858805287,-0.5535261667720761,-0.09157771660737571
-1.0241577181416068,0.37279331732770404,0.07102653046114095,-0.5730010617983812,0.2242041529538152,0.40525057036170026,-0.46488770329084356,1.3601479337382152,-0.21906325237055913,-0.6784393138666114,0.35564889296838165,-0.5535261667720761,1.2218395347352515
-1.0241577181416068,-0.07091895132347441,-1.3626571399581904,-0.5730010617983812,-0.9285436145917447,0.40525057036170026,-0.46488770329084356,-0.7338651280903932,-0.21906325237055913,-0.6784393138666114,-0.8050016858805287,-0.5535261667720761,1.2218395347352515
-1.0241577181416068,-0.7489511820713426,0.07102653046114095,-0.5730010617983812,0.2242041529538152,-2.463081388691893,-0.46488770329084356,-0.7338651280903932,-0.21906325237055913,-0.6784393138666114,0.35564889296838165,-0.5535261667720761,1.2218395347352515
-1.0241577181416068,-0.7190379954207013,1.5047102008804722,-0.5730010617983812,0.2242041529538152,-2.463081388691893,-0.46488770329084356,-0.7338651280903932,-0.21906325237055913,-0.6784393138666114,-0.8050016858805287,-0.5535261667720761,1.2218395347352515
-1.0241577181416068,-0.8087775553726251,0.07102653046114095,-0.5730010617983812,0.2242041529538152,-2.463081388691893,-0.46488770329084356,-0.7338651280903932,-0.21906325237055913,-0.6784393138666114,0.35564889296838165,-0.5535261667720761,-0.09157771660737571
-1.0241577181416068,-1.1976489818309612,-1.3626571399581904,-0.5730010617983812,-0.9285436145917447,-2.463081388691893,-0.46488770329084356,-0.7338651280903932,-0.21906325237055913,-0.6784393138666114,-0.8050016858805287,-0.5535261667720761,-1.4049949679500031
-1.0241577181416068,-0.9733000819511519,0.07102653046114095,-0.5730010617983812,0.2242041529538152,-2.463081388691893,-0.46488770329084356,-0.7338651280903932,-0.21906325237055913,-0.6784393138666114,-0.8050016858805287,-0.5535261667720761,1.2218395347352515
-1.0241577181416068,0.7541864471233799,0.07102653046114095,-0.5730010617983812,0.2242041529538152,0.40525057036170026,-0.46488770329084356,-0.7338651280903932,-0.21906325237055913,-0.6784393138666114,-0.8050016858805287,-0.5535261667720761,-0.09157771660737571
-1.0642671077882961,-1.0281409241439943,-1.3626571399581904,-0.5730010617983812,-0.9285436145917447,-2.463081388691893,-0.46488770329084356,-0.7338651280903932,-0.21906325237055913,-0.6784393138666114,-0.8050016858805287,-0.5535261667720761,1.2218395347352515
-1.0642671077882961,-0.733994588746022,-1.3626571399581904,-0.5730010617983812,-0.9285436145917447,0.40525057036170026,-0.46488770329084356,-0.7338651280903932,-0.21906325237055913,-0.6784393138666114,-0.8050016858805287,-0.5535261667720761,1.2218395347352515
-1.0642671077882961,0.44757628395430715,-1.3626571399581904,-0.5730010617983812,-0.9285436145917447,0.40525057036170026,-0.46488770329084356,-0.7338651280903932,-0.21906325237055913,-0.6784393138666114,-0.8050016858805287,-0.5535261667720761,-0.09157771660737571
-1.0642671077882961,0.14844441744789472,1.5047102008804722,-0.5730010617983812,0.2242041529538152,0.40525057036170026,-0.46488770329084356,-0.7338651280903932,-0.21906325237055913,-0.6784393138666114,-0.8050016858805287,-0.5535261667720761,1.2218395347352515
-1.0742944551999685,0.048733795279090567,1.5047102008804722,-0.5730010617983812,1.3769519204993752,0.40525057036170026,-0.46488770329084356,-0.7338651280903932,-0.21906325237055913,-0.6784393138666114,-0.8050016858805287,-0.5535261667720761,1.2218395347352515
-1.0843218026116408,-0.8985171153245488,0.07102653046114095,-0.5730010617983812,0.2242041529538152,-2.463081388691893,-0.46488770329084356,-0.7338651280903932,-0.21906325237055913,-0.6784393138666114,0.35564889296838165,-0.5535261667720761,-0.09157771660737571
-1.0843218026116408,-0.37503634893832705,0.07102653046114095,-0.5730010617983812,0.2242041529538152,-2.463081388691893,-0.46488770329084356,-0.7338651280903932,4.55651564930763,-0.6784393138666114,0.35564889296838165,-0.5535261667720761,1.2218395347352515
-1.0843218026116408,-1.2275621684816025,-1.3626571399581904,-0.5730010617983812,-0.9285436145917447,-2.463081388691893,-0.46488770329084356,-0.7338651280903932,-0.21906325237055913,-0.6784393138666114,0.35564889296838165,-0.5535261667720761,-1.4049949679500031
-1.1043764974349854,-1.2225766373731624,0.07102653046114095,-0.5730010617983812,0.2242041529538152,0.40525057036170026,-0.46488770329084356,1.3601479337382152,-0.21906325237055913,-0.6784393138666114,0.35564889296838165,-0.5535261667720761,1.2218395347352515
-1.1043764974349854,-0.5694720621674951,0.07102653046114095,-0.5730010617983812,-0.9285436145917447,0.40525057036170026,-0.46488770329084356,-0.7338651280903932,-0.21906325237055913,-0.6784393138666114,-0.8050016858805287,-0.5535261667720761,-1.4049949679500031
-1.1444858870816748,0.8464187726295237,-1.3626571399581904,-0.5730010617983812,-0.9285436145917447,0.40525057036170026,-0.46488770329084356,-0.7338651280903932,-0.21906325237055913,-0.6784393138666114,-0.8050016858805287,-0.5535261667720761,1.2218395347352515
-1.1444858870816748,-0.5495299377337343,0.07102653046114095,-0.5730010617983812,0.2242041529538152,0.40525057036170026,-0.46488770329084356,-0.7338651280903932,-0.21906325237055913,-0.6784393138666114,0.35564889296838165,-0.5535261667720761,1.2218395347352515
-1.1645405819050194,-0.5495299377337343,-1.3626571399581904,-0.5730010617983812,-0.9285436145917447,0.40525057036170026,-0.46488770329084356,-0.7338651280903932,-0.21906325237055913,-0.6784393138666114,-0.8050016858805287,-0.5535261667720761,1.2218395347352515
-1.184595276728364,-0.5824344430494397,-1.3626571399581904,-0.5730010617983812,-0.9285436145917447,0.40525057036170026,-0.46488770329084356,-0.7338651280903932,-0.21906325237055913,-0.6784393138666114,-0.8050016858805287,-0.5535261667720761,1.2218395347352515
-1.184595276728364,-1.5466361594217757,-1.3626571399581904,-0.5730010617983812,0.2242041529538152,0.40525057036170026,-0.46488770329084356,-0.7338651280903932,-0.21906325237055913,-0.6784393138666114,-0.8050016858805287,-0.5535261667720761,-0.09157771660737571
-1.184595276728364,-0.733994588746022,0.07102653046114095,3.443533712222425,0.2242041529538152,-2.463081388691893,2.147110217260803,-0.7338651280903932,-0.21906325237055913,-0.6784393138666114,-0.8050016858805287,-0.5535261667720761,1.2218395347352515
-1.184595276728364,-1.1477936707465592,0.07102653046114095,-0.5730010617983812,-0.9285436145917447,0.40525057036170026,-0.46488770329084356,-0.7338651280903932,-0.21906325237055913,-0.6784393138666114,-0.8050016858805287,-0.5535261667720761,1.2218395347352515
-1.184595276728364,-1.3322583217588468,0.07102653046114095,-0.5730010617983812,-0.9285436145917447,-2.463081388691893,-0.46488770329084356,-0.7338651280903932,-0.21906325237055913,-0.6784393138666114,-0.8050016858805287,-0.5535261667720761,1.2218395347352515
-1.184595276728364,-0.8087775553726251,-1.3626571399581904,-0.5730010617983812,-0.9285436145917447,0.40525057036170026,-0.46488770329084356,-0.7338651280903932,-0.21906325237055913,-0.6784393138666114,0.35564889296838165,-0.5535261667720761,-0.09157771660737571
-1.184595276728364,-0.5495299377337343,0.07102653046114095,-0.5730010617983812,-0.9285436145917447,0.40525057036170026,-0.46488770329084356,-0.7338651280903932,-0.21906325237055913,-0.6784393138666114,-0.8050016858805287,-0.5535261667720761,-0.09157771660737571
-1.188606215693033,-0.9558507230716112,-1.3626571399581904,-0.5730010617983812,-0.9285436145917447,0.40525057036170026,-0.46488770329084356,-0.7338651280903932,-0.21906325237055913,1.4712666515828257,-0.8050016858805287,-0.5535261667720761,1.2218395347352515
-1.188606215693033,-0.5495299377337343,0.07102653046114095,-0.5730010617983812,0.2242041529538152,0.40525057036170026,-0.46488770329084356,-0.7338651280903932,-0.21906325237055913,1.4712666515828257,-0.8050016858805287,-0.5535261667720761,1.2218395347352515
-1.2166827884457154,-1.092952828553717,-1.3626571399581904,-0.5730010617983812,-0.9285436145917447,-2.463081388691893,-0.46488770329084356,-0.7338651280903932,-0.21906325237055913,-0.6784393138666114,-0.8050016858805287,-0.5535261667720761,1.2218395347352515
-1.2247046663750534,-0.7489511820713426,-1.3626571399581904,-0.5730010617983812,-0.9285436145917447,0.40525057036170026,-0.46488770329084356,-0.7338651280903932,-0.21906325237055913,-0.6784393138666114,-0.8050016858805287,-0.5535261667720761,1.2218395347352515
-1.2247046663750534,-0.350108693396126,-1.3626571399581904,-0.5730010617983812,-0.9285436145917447,0.40525057036170026,-0.46488770329084356,-0.7338651280903932,-0.21906325237055913,-0.6784393138666114,-0.8050016858805287,-0.5535261667720761,1.2218395347352515
-1.2247046663750534,-0.7489511820713426,-1.3626571399581904,1.435266325212022,0.2242041529538152,0.40525057036170026,-0.46488770329084356,1.3601479337382152,-0.21906325237055913,-0.6784393138666114,0.35564889296838165,-0.5535261667720761,-1.4049949679500031
-1.2648140560217427,-1.1079094218790375,0.07102653046114095,-0.5730010617983812,-0.9285436145917447,-2.463081388691893,-0.46488770329084356,-0.7338651280903932,-0.21906325237055913,-0.6784393138666114,-0.8050016858805287,-0.5535261667720761,1.2218395347352515
-1.2648140560217427,-0.9583434886258313,0.07102653046114095,-0.5730010617983812,-0.9285436145917447,-2.463081388691893,-0.46488770329084356,-0.7338651280903932,-0.21906325237055913,-0.6784393138666114,-0.8050016858805287,-0.5535261667720761,1.2218395347352515
-1.2648140560217427,-1.048083048577755,-1.3626571399581904,-0.5730010617983812,0.2242041529538152,0.40525057036170026,-0.46488770329084356,-0.7338651280903932,-0.21906325237055913,-0.6784393138666114,-0.8050016858805287,-0.5535261667720761,-1.4049949679500031
-1.2848687508450873,-0.350108693396126,0.07102653046114095,-0.5730010617983812,0.2242041529538152,0.40525057036170026,-0.46488770329084356,-0.7338651280903932,-0.21906325237055913,-0.6784393138666114,-0.8050016858805287,-0.5535261667720761,1.2218395347352515
-1.2848687508450873,-1.048083048577755,0.07102653046114095,-0.5730010617983812,0.2242041529538152,-2.463081388691893,-0.46488770329084356,-0.7338651280903932,-0.21906325237055913,-0.6784393138666114,-0.8050016858805287,-0.5535261667720761,-0.09157771660737571
-1.304923445668432,-0.9433868953005107,0.07102653046114095,-0.5730010617983812,0.2242041529538152,0.40525057036170026,-0.46488770329084356,1.3601479337382152,-0.21906325237055913,-0.6784393138666114,-0.8050016858805287,-0.5535261667720761,1.2218395347352515
-1.304923445668432,-0.92843030197519,-1.3626571399581904,-0.5730010617983812,-0.9285436145917447,-2.463081388691893,2.147110217260803,-0.7338651280903932,-0.21906325237055913,-0.6784393138666114,0.35564889296838165,-0.5535261667720761,1.2218395347352515
-1.304923445668432,-1.048083048577755,-1.3626571399581904,-0.5730010617983812,-0.9285436145917447,0.40525057036170026,-0.46488770329084356,-0.7338651280903932,-0.21906325237055913,-0.6784393138666114,0.35564889296838165,-0.5535261667720761,1.2218395347352515
-1.304923445668432,-0.7988064931557447,-1.3626571399581904,-0.5730010617983812,-0.9285436145917447,0.40525057036170026,2.147110217260803,-0.7338651280903932,-0.21906325237055913,-0.6784393138666114,-0.8050016858805287,-0.5535261667720761,1.2218395347352515
-1.304923445668432,-0.13074532462475688,-1.3626571399581904,-0.5730010617983812,0.2242041529538152,0.40525057036170026,-0.46488770329084356,-0.7338651280903932,-0.21906325237055913,-0.6784393138666114,-0.8050016858805287,-0.5535261667720761,1.2218395347352515
-1.304923445668432,1.2951165723891425,-1.3626571399581904,-0.5730010617983812,-0.9285436145917447,0.40525057036170026,-0.46488770329084356,-0.7338651280903932,-0.21906325237055913,-0.6784393138666114,-0.8050016858805287,-0.5535261667720761,1.2218395347352515
-1.3289890794564454,-0.7315018231918019,-1.3626571399581904,-0.5730010617983812,-0.9285436145917447,-2.463081388691893,-0.46488770329084356,-0.7338651280903932,-0.21906325237055913,-0.6784393138666114,-0.8050016858805287,-0.5535261667720761,1.2218395347352515
-1.3450328353151213,-1.309823431770866,0.07102653046114095,-0.5730010617983812,0.2242041529538152,0.40525057036170026,-0.46488770329084356,-0.7338651280903932,-0.21906325237055913,-0.6784393138666114,-0.8050016858805287,-0.5535261667720761,-1.4049949679500031
-1.3450328353151213,-1.1542748611875315,1.5047102008804722,1.435266325212022,0.2242041529538152,0.40525057036170026,-0.46488770329084356,-0.7338651280903932,-0.21906325237055913,-0.6784393138666114,-0.8050016858805287,-0.5535261667720761,-1.4049949679500031
-1.3450328353151213,-0.9164650273149335,-1.3626571399581904,-0.5730010617983812,-0.9285436145917447,0.40525057036170026,-0.46488770329084356,-0.7338651280903932,-0.21906325237055913,-0.6784393138666114,-0.8050016858805287,-0.5535261667720761,1.2218395347352515
-1.365087530138466,-0.7290090576375817,-1.3626571399581904,-0.5730010617983812,-0.9285436145917447,0.40525057036170026,-0.46488770329084356,-0.7338651280903932,-0.21906325237055913,-0.6784393138666114,-0.8050016858805287,-0.5535261667720761,1.2218395347352515
-1.3851422249618106,-0.9583434886258313,-1.3626571399581904,-0.5730010617983812,-0.9285436145917447,0.40525057036170026,-0.46488770329084356,-0.7338651280903932,-0.21906325237055913,-0.6784393138666114,-0.8050016858805287,-0.5535261667720761,1.2218395347352515
-1.4051969197851553,-1.6283988696001952,-1.3626571399581904,-0.5730010617983812,-0.9285436145917447,-2.463081388691893,-0.46488770329084356,1.3601479337382152,-0.21906325237055913,-0.6784393138666114,-0.8050016858805287,-0.5535261667720761,-0.09157771660737571
-1.4051969197851553,-0.5644865310590549,-2.796340810377522,-0.5730010617983812,-0.9285436145917447,-2.463081388691893,-0.46488770329084356,-0.7338651280903932,-0.21906325237055913,-0.6784393138666114,-0.8050016858805287,-0.5535261667720761,1.2218395347352515
-1.4051969197851553,-0.5644865310590549,0.07102653046114095,-0.5730010617983812,0.2242041529538152,0.40525057036170026,-0.46488770329084356,1.3601479337382152,-0.21906325237055913,-0.6784393138666114,-0.8050016858805287,-0.5535261667720761,1.2218395347352515
-1.4252516146085,-1.5715638149639768,0.07102653046114095,-0.5730010617983812,-0.9285436145917447,-2.463081388691893,-0.46488770329084356,-0.7338651280903932,4.55651564930763,-0.6784393138666114,-0.8050016858805287,-0.5535261667720761,1.2218395347352515
-1.4292625535731687,0.09858910636349263,0.07102653046114095,-0.5730010617983812,-0.9285436145917447,-2.463081388691893,-0.46488770329084356,-0.7338651280903932,-0.21906325237055913,1.4712666515828257,-0.8050016858805287,1.8032844651871542,1.2218395347352515
-1.4854156990785339,-1.048083048577755,-1.3626571399581904,-0.5730010617983812,-0.9285436145917447,-2.463081388691893,-0.46488770329084356,-0.7338651280903932,-0.21906325237055913,-0.6784393138666114,-0.8050016858805287,-0.5535261667720761,1.2218395347352515
-1.5054703939018785,-1.3472149150841675,0.07102653046114095,-0.5730010617983812,0.2242041529538152,0.40525057036170026,-0.46488770329084356,-0.7338651280903932,-0.21906325237055913,-0.6784393138666114,-0.8050016858805287,-0.5535261667720761,1.2218395347352515
-1.5054703939018785,-1.048083048577755,1.5047102008804722,-0.5730010617983812,0.2242041529538152,0.40525057036170026,-0.46488770329084356,-0.7338651280903932,-0.21906325237055913,-0.6784393138666114,-0.8050016858805287,-0.5535261667720761,1.2218395347352515
-1.5054703939018785,-0.8686039286739076,-1.3626571399581904,-0.5730010617983812,-0.9285436145917447,0.40525057036170026,-0.46488770329084356,-0.7338651280903932,-0.21906325237055913,-0.6784393138666114,0.35564889296838165,-0.5535261667720761,1.2218395347352515
-1.585689173195257,-0.8386907420232663,2.221552036090138,-0.5730010617983812,0.2242041529538152,-2.463081388691893,-0.46488770329084356,-0.7338651280903932,-0.21906325237055913,-0.6784393138666114,-0.8050016858805287,-0.5535261667720761,1.2218395347352515
-1.6257985628419462,-1.696202092674982,0.07102653046114095,-0.5730010617983812,0.2242041529538152,0.40525057036170026,-0.46488770329084356,-0.7338651280903932,-0.21906325237055913,-0.6784393138666114,-0.8050016858805287,-0.5535261667720761,1.2218395347352515
-1.6257985628419462,-0.7245220796399856,-1.3626571399581904,-0.5730010617983812,-0.9285436145917447,0.40525057036170026,-0.46488770329084356,-0.7338651280903932,-0.21906325237055913,-0.6784393138666114,-0.8050016858805287,-0.5535261667720761,1.2218395347352515
-1.645853257665291,-1.0530685796861952,-1.3626571399581904,-0.5730010617983812,-0.9285436145917447,-2.463081388691893,-0.46488770329084356,-0.7338651280903932,-0.21906325237055913,-0.6784393138666114,0.35564889296838165,-0.5535261667720761,1.2218395347352515
-1.6659079524886355,-1.048083048577755,-1.3626571399581904,-0.5730010617983812,-0.9285436145917447,0.40525057036170026,-0.46488770329084356,1.3601479337382152,-0.21906325237055913,-0.6784393138666114,1.5162994718172922,-0.5535261667720761,1.2218395347352515
-1.696190541671886,-1.3472149150841675,0.07102653046114095,-0.5730010617983812,-0.9285436145917447,-2.463081388691893,-0.46488770329084356,-0.7338651280903932,-0.21906325237055913,-0.6784393138666114,-0.8050016858805287,-0.5535261667720761,-0.09157771660737571
-1.7060173421353249,-0.7389801198544622,-1.3626571399581904,-0.5730010617983812,-0.9285436145917447,0.40525057036170026,-0.46488770329084356,-0.7338651280903932,-0.21906325237055913,-0.6784393138666114,-0.8050016858805287,-0.5535261667720761,1.2218395347352515
-1.7060173421353249,-1.092952828553717,0.07102653046114095,-0.5730010617983812,-0.9285436145917447,-2.463081388691893,-0.46488770329084356,-0.7338651280903932,-0.21906325237055913,-0.6784393138666114,-0.8050016858805287,-0.5535261667720761,-1.4049949679500031
-1.7060173421353249,-0.6243129043603374,0.07102653046114095,-0.5730010617983812,0.2242041529538152,0.40525057036170026,-0.46488770329084356,-0.7338651280903932,-0.21906325237055913,-0.6784393138666114,-0.8050016858805287,-0.5535261667720761,1.2218395347352515
